,노트북 이름,가격,노트북유형,운영체제,화면정보,CPU,램,그래픽,저장장치,네트워크,영상입출력,단자,부가기능,입력장치,파워,주요제원
1,MSI 모던시리즈 모던 14 C7M-R5,"548,990",노트북,미포함(프리도스),"['35.5cm(14인치)', '/', '1920x1080(FHD)', '/', '300nit', '/']","['AMD', '/', '라이젠5(Zen3)', '/ 7530U (2.0Hz) /', '헥사(6)코어', '/']","['DDR4(온보드)', '/', '램 용량', ':', '8GB', '/', '3200MHz', '/ 램 교체: 불가능 /']",['내장그래픽 / Radeon Graphics /'],"['M.2(NVMe)', '/', '512GB', '/']",['무선랜: 802.11ax(Wi-Fi 6E) /'],"['HDMI', '/', '웹캠(HD)', '/']",['USB-C: 1개 / USB-A: 3개 / MicroSD카드 /'],"['USB-PD', '/ 리프트 힌지 /']","['키보드 라이트', '/', 'ㅗ형 방향키', '/']","['배터리', ':', '39.3Wh', '/', '어댑터', ':', '65W', '/', '충전단자', ':', 'DC', '/']","['두께', ':', '19.35mm', '/', '무게', ':', '1.4kg', '/ 색상: 블랙']"
2,한성컴퓨터 Bossmonster GTX63 T9X6Q16,"1,795,000",노트북,미포함(프리도스),"['40.64cm(16인치)', '/', '2560x1600(WQXGA)', '/', '500nit', '/', '주사율', ':', '240Hz', '/']","['인텔', '/', '코어i9-13세대', '/', 'i9-13900HX (2.2GHz)', '/ 24코어(8P+16E) /']","['DDR5', '/', '램 용량', ':', '16GB', '/', '4800MHz', '/ 램 교체: 가능 /']","['외장그래픽 /', 'RTX4060', '/', 'TGP', ':', '140W', '/', 'VRAM:8GB', '/', 'MUX 스위치', '/']","['M.2(NVMe)', '/', '500GB', '/', '저장 슬롯', ':', '2개', '/']","['무선랜: 802.11ax(Wi-Fi 6E) / 유선랜:', '기가비트', '/']","['HDMI 2.0', '/', 'mini DP', '/', '웹캠(HD)', '/']","['썬더볼트4', ':', '1개(USB-C겸용)', '/ USB-C: 1개 / USB-A: 2개 / MicroSD카드 /']",,"['RGB 라이트', '/', 'ㅗ형 방향키', '/', '숫자 키패드(4열)', '/']","['배터리', ':', '73Wh', '/', '어댑터', ':', '280W', '/', '충전단자', ':', 'DC', '/']","['두께', ':', '27.8mm', '/', '무게', ':', '2.5kg', '/ 쿨링팬: 2개 / 색상: 블랙']"
3,삼성전자 갤럭시북2 NT550XEZ-A58A 16GB램,"673,790",노트북,미포함(프리도스),"['39.6cm(15.6인치)', '/', '1920x1080(FHD)', '/']","['인텔', '/', '코어i5-12세대', '/', 'i5-1235U (1.3GHz)', '/', '10코어(2P+8E)', '/']","['DDR4', '/', '램 용량', ':', '16GB', '/ 램 교체: 가능 /']",['내장그래픽 / UHD Graphics /'],"['M.2(NVMe)', '/', '256GB', '/', '저장 슬롯', ':', '2개', '/']","['무선랜:', '802.11ax(Wi-Fi 6)', '/ 유선랜:', '기가비트', '/']","['HDMI', '/', '웹캠(HD)', '/']",['USB-C: 2개 / USB-A: 2개 / MicroSD카드 /'],"['TPM', '/', 'USB-PD', '/']","['ㅗ형 방향키', '/', '숫자 키패드(3열)', '/']","['배터리', ':', '43Wh', '/', '어댑터', ':', '45W', '/', '충전단자', ':', '타입C', '/']","['두께', ':', '18.5mm', '/', '무게', ':', '1.8kg', '/ 색상: 실버, 그라파이트']"
4,한성컴퓨터 TFG6397,"2,290,000",노트북,미포함(프리도스),"['40.64cm(16인치)', '/', '2560x1600(WQXGA)', '/', '500nit', '/', '주사율', ':', '240Hz', '/']","['인텔', '/', '코어i9-13세대', '/', 'i9-13900HX (2.2GHz)', '/ 24코어(8P+16E) /']","['DDR5', '/', '램 용량', ':', '16GB', '/', '4800MHz', '/ 램 교체: 가능 /']","['외장그래픽 /', 'RTX4070', '/', 'TGP', ':', '140W', '/', 'VRAM:8GB', '/', 'MUX 스위치', '/']","['M.2(NVMe)', '/', '500GB', '/', '저장 슬롯', ':', '2개', '/']",['무선랜: 802.11ax(Wi-Fi 6E) / 유선랜: 2.5기가비트 /'],"['HDMI 2.1', '/', '웹캠(HD)', '/']","['썬더볼트4', ':', '1개(USB-C겸용)', '/ USB-A: 3개 / SD카드 /']","['얼굴 인식', '/', 'DP Alt Mode', '/']","['RGB 라이트', '/', 'ㅗ형 방향키', '/', '숫자 키패드(3열)', '/']","['배터리', ':', '97.5Wh', '/', '어댑터', ':', '330W', '/', '충전단자', ':', 'DC', '/']","['두께', ':', '31mm', '/', '무게', ':', '2.6kg', '/ 쿨링팬: 2개 / 색상: 화이트']"
5,에이서 스위프트 GO 16 OLED SFG16-71-51BY,"998,990",노트북,미포함(프리도스),"['40.8cm(16인치)', '/', '3200x2000(WQHD+)', '/', '500nit', '/', '주사율', ':', '120Hz', '/']","['인텔', '/', '코어i5-13세대', '/', 'i5-13420H (2.1GHz)', '/', '옥타코어(4P+4E)', '/']","['LPDDR5(온보드)', '/', '램 용량', ':', '16GB', '/ 램 교체: 불가능 /']",['내장그래픽 / UHD Graphics /'],"['M.2(NVMe)', '/', '512GB', '/', '저장 슬롯', ':', '2개', '/']",['무선랜: 802.11ax(Wi-Fi 6E) /'],"['HDMI 2.1', '/ 웹캠(QHD) /']","['썬더볼트4', ':', '2개(USB-C겸용)', '/ USB-A: 2개 / MicroSD카드 /']",['지문인식(전원버튼) /'],"['키보드 라이트', '/', 'ㅡ형 방향키', '/', '숫자 키패드(3열)', '/']","['배터리', ':', '50Wh', '/', '어댑터', ':', '100W', '/', '충전단자', ':', '타입C', '/']","['두께', ':', '14.9mm', '/', '무게', ':', '1.6kg', '/ 쿨링팬: 2개 / 색상: 그레이']"
6,한성컴퓨터 Bossmonster GTX73 N9X6Q24,"1,788,000",노트북,미포함(프리도스),"['43.94cm(17.3인치)', '/', '2560x1440(QHD)', '/', '300nit', '/', '주사율', ':', '240Hz', '/']","['인텔', '/', '코어i9-13세대', '/', 'i9-13900HX (2.2GHz)', '/ 24코어(8P+16E) /']","['DDR5', '/', '램 용량', ':', '16GB', '/', '4800MHz', '/ 램 교체: 가능 /']","['외장그래픽 /', 'RTX4060', '/', 'TGP', ':', '140W', '/', 'VRAM:8GB', '/', 'MUX 스위치', '/']","['M.2(NVMe)', '/', '500GB', '/', '저장 슬롯', ':', '2개', '/']","['무선랜: 802.11ax(Wi-Fi 6E) / 유선랜:', '기가비트', '/']","['HDMI 2.0', '/', 'mini DP', '/', '웹캠(HD)', '/']","['썬더볼트4', ':', '1개(USB-C겸용)', '/ USB-C: 1개 / USB-A: 2개 / MicroSD카드 /']","['DP Alt Mode', '/']","['RGB 라이트', '/', 'ㅗ형 방향키', '/', '숫자 키패드(4열)', '/']","['배터리', ':', '73Wh', '/', '어댑터', ':', '280W', '/', '충전단자', ':', 'DC', '/']","['두께', ':', '27.8mm', '/', '무게', ':', '2.8kg', '/ 쿨링팬: 2개 / 색상: 블랙']"
7,MSI GF시리즈 Sword GF76 B13VFK,"1,499,000",노트북,미포함(프리도스),"['43.9cm(17.3인치)', '/', '1920x1080(FHD)', '/', '250nit', '/', '주사율', ':', '144Hz', '/']","['인텔', '/', '코어i7-13세대', '/', 'i7-13620H (2.4GHz)', '/', '10코어(6P+4E)', '/']","['DDR5', '/', '램 용량', ':', '16GB', '/ 램 교체: 가능 /']","['외장그래픽 /', 'RTX4060', '/', 'TGP', ':', '105W', '/', 'VRAM:8GB', '/', 'MUX 스위치', '/']","['M.2(NVMe)', '/', '512GB', '/', '저장 슬롯', ':', '2개', '/']","['무선랜:', '802.11ax(Wi-Fi 6)', '/ 유선랜:', '기가비트', '/']","['HDMI', '/', '웹캠(HD)', '/']",['USB-C: 1개 / USB-A: 3개 /'],"['DP Alt Mode', '/']","['RGB 라이트', '/', 'ㅗ형 방향키', '/', '숫자 키패드(3열)', '/']","['배터리', ':', '53.5Wh', '/', '충전단자', ':', 'DC', '/']","['두께', ':', '25.2mm', '/', '무게', ':', '2.6kg', '/ 쿨링팬: 2개 / 색상: 블랙']"
8,레노버 요가 Slim7 ProX 14IAH7 82TK009TKR,"1,440,000",노트북,미포함(프리도스),"['36.8cm(14.5인치)', '/', '3072x1920', '/', '400nit', '/', '주사율', ':', '120Hz', '/']","['인텔', '/', '코어i5-12세대', '/', 'i5-12500H (2.5GHz)', '/', '12코어(4P+8E)', '/']","['LPDDR5(온보드)', '/', '램 용량', ':', '16GB', '/', '5200MHz', '/ 램 교체: 불가능 /']","['외장그래픽 /', 'RTX3050', '/', 'VRAM:4GB', '/']","['M.2(NVMe)', '/', '512GB', '/', '저장 슬롯', ':', '1개', '/']",['무선랜: 802.11ax(Wi-Fi 6E) /'],"['HDMI 2.0', '/', '웹캠(FHD)', '/']","['썬더볼트4', ':', '2개(USB-C겸용)', '/ USB-A: 1개 /']","['얼굴 인식', '/ 웹캠OFF 지원 /', '고속충전', '/', 'USB-PD', '/', 'DP Alt Mode', '/']","['키보드 라이트', '/', 'ㅡ형 방향키', '/']","['배터리', ':', '70Wh', '/', '충전단자', ':', '타입C', '/']","['두께', ':', '15.9mm', '/', '무게', ':', '1.45kg', '/ 쿨링팬: 2개 / 색상: 그레이']"
9,MSI 사이보그 15 A12VF,"1,344,000",노트북,미포함(프리도스),"['39.6cm(15.6인치)', '/', '1920x1080(FHD)', '/', '250nit', '/', '주사율', ':', '144Hz', '/']","['인텔', '/', '코어i7-12세대', '/', 'i7-12650H (2.3GHz)', '/', '10코어(6P+4E)', '/']","['DDR5', '/', '램 용량', ':', '8GB', '/', '4800MHz', '/ 램 교체: 가능 /']","['외장그래픽 /', 'RTX4060', '/', 'TGP', ':', '45W', '/', 'VRAM:8GB', '/']","['M.2(NVMe)', '/', '512GB', '/']","['무선랜:', '802.11ax(Wi-Fi 6)', '/ 유선랜:', '기가비트', '/']","['HDMI', '/', '웹캠(HD)', '/']",['USB-C: 1개 / USB-A: 2개 /'],"['DP Alt Mode', '/']","['키보드 라이트', '/', 'ㅗ형 방향키', '/', '숫자 키패드(3열)', '/']","['배터리', ':', '53.5Wh', '/', '어댑터', ':', '120W', '/', '충전단자', ':', 'DC', '/']","['두께', ':', '22.9mm', '/', '무게', ':', '1.98kg', '/ 색상: 블랙']"
10,LG전자 2022 그램16(12세대) 16ZD95Q-GX56K WIN11,"1,297,290",노트북,윈도우11(설치),"['40.6cm(16인치)', '/', '2560x1600(WQXGA)', '/', '350nit', '/']","['인텔', '/', '코어i5-12세대', '/', 'i5-1235U (1.3GHz)', '/', '10코어(2P+8E)', '/']","['LPDDR4x(온보드) /', '램 용량', ':', '16GB', '/', '4266MHz', '/ 램 교체: 불가능 /']",['내장그래픽 / Iris Xe /'],"['M.2(NVMe)', '/', '256GB', '/', '저장 슬롯', ':', '2개', '/']",['무선랜: 802.11ax(Wi-Fi 6E) /'],"['HDMI 2.0', '/']","['썬더볼트4', ':', '2개(USB-C겸용)', '/ USB-A: 2개 / MicroSD카드 /']","['지문 인식', '/', 'USB-PD', '/', 'MIL-STD', '/']","['키보드 라이트', '/', 'ㅗ형 방향키', '/', '숫자 키패드(3열)', '/']","['배터리', ':', '80Wh', '/', '어댑터', ':', '65W', '/', '충전단자', ':', '타입C', '/']","['두께', ':', '16.8mm', '/', '무게', ':', '1.199kg', '/ 색상: 화이트']"
11,에이서 프레데터 Helios Neo 16 PHN16-71 4060,"1,790,000",노트북,미포함(프리도스),"['40.8cm(16인치)', '/', '2560x1600(WQXGA)', '/', '500nit', '/', '주사율', ':', '165Hz', '/']","['인텔', '/', '코어i7-13세대', '/', 'i7-13700HX (2.1GHz)', '/ 16코어(8P+8E) /']","['DDR5', '/', '램 용량', ':', '16GB', '/', '4800MHz', '/ 램 교체: 가능 /']","['외장그래픽 /', 'RTX4060', '/', 'TGP', ':', '140W', '/', 'VRAM:8GB', '/']","['M.2(NVMe)', '/', '512GB', '/', '저장 슬롯', ':', '2개', '/']","['무선랜:', '802.11ax(Wi-Fi 6)', '/ 유선랜:', '기가비트', '/']","['HDMI 2.1', '/', '웹캠(HD)', '/']","['썬더볼트4', ':', '2개(USB-C겸용)', '/ USB-A: 3개 / MicroSD카드 /']","['USB-PD', '/', 'DP Alt Mode', '/']","['RGB 라이트', '/', 'ㅗ형 방향키', '/', '숫자 키패드(4열)', '/']","['배터리', ':', '90Wh', '/', '어댑터', ':', '330W', '/', '충전단자', ':', 'DC', '/']","['두께', ':', '28mm', '/', '무게', ':', '2.6kg', '/ 쿨링팬: 2개 / 색상: 블랙']"
12,삼성전자 갤럭시북2 NT550XEZ-A38A,"569,990",노트북,미포함(프리도스),"['39.6cm(15.6인치)', '/', '1920x1080(FHD)', '/']","['인텔', '/', '코어i3-12세대', '/', 'i3-1215U (1.2GHz)', '/', '헥사코어(2P+4E)', '/']","['DDR4', '/', '램 용량', ':', '8GB', '/ 램 교체: 가능 /']",['내장그래픽 / UHD Graphics /'],"['M.2(NVMe)', '/', '256GB', '/', '저장 슬롯', ':', '2개', '/']","['무선랜:', '802.11ax(Wi-Fi 6)', '/ 유선랜:', '기가비트', '/']","['HDMI', '/', '웹캠(HD)', '/']",['USB-C: 2개 / USB-A: 2개 / MicroSD카드 /'],"['TPM', '/', 'USB-PD', '/']","['ㅗ형 방향키', '/', '숫자 키패드(3열)', '/']","['배터리', ':', '43Wh', '/', '어댑터', ':', '45W', '/', '충전단자', ':', '타입C', '/']","['두께', ':', '18.5mm', '/', '무게', ':', '1.8kg', '/ 색상: 실버']"
13,한성컴퓨터 Bossmonster GTX73 N9X7Q24,"2,090,000",노트북,미포함(프리도스),"['43.94cm(17.3인치)', '/', '2560x1440(QHD)', '/', '300nit', '/', '주사율', ':', '240Hz', '/']","['인텔', '/', '코어i9-13세대', '/', 'i9-13900HX (2.2GHz)', '/ 24코어(8P+16E) /']","['DDR5', '/', '램 용량', ':', '16GB', '/', '4800MHz', '/ 램 교체: 가능 /']","['외장그래픽 /', 'RTX4070', '/', 'TGP', ':', '140W', '/', 'VRAM:8GB', '/', 'MUX 스위치', '/']","['M.2(NVMe)', '/', '500GB', '/', '저장 슬롯', ':', '2개', '/']","['무선랜: 802.11ax(Wi-Fi 6E) / 유선랜:', '기가비트', '/']","['HDMI 2.0', '/', 'mini DP', '/', '웹캠(HD)', '/']","['썬더볼트4', ':', '1개(USB-C겸용)', '/ USB-C: 1개 / USB-A: 2개 / MicroSD카드 /']","['DP Alt Mode', '/']","['RGB 라이트', '/', 'ㅗ형 방향키', '/', '숫자 키패드(4열)', '/']","['배터리', ':', '73Wh', '/', '어댑터', ':', '280W', '/', '충전단자', ':', 'DC', '/']","['두께', ':', '27.8mm', '/', '무게', ':', '2.8kg', '/ 쿨링팬: 2개 / 색상: 블랙']"
14,삼성전자 갤럭시북3 프로 NT940XFG-KD72G,"2,299,000",노트북,윈도우11홈,"['35.6cm(14인치)', '/', '2880x1800(WQXGA+)', '/', '400nit', '/', '주사율', ':', '120Hz', '/']","['인텔', '/', '코어i7-13세대', '/', 'i7-1360P (2.2GHz)', '/', '12코어(4P+8E)', '/']","['LPDDR5(온보드)', '/', '램 용량', ':', '32GB', '/ 램 교체: 불가능 /']",['내장그래픽 / Iris Xe /'],"['M.2(NVMe)', '/', '1TB', '/', '저장 슬롯', ':', '2개', '/']",['무선랜: 802.11ax(Wi-Fi 6E) /'],"['HDMI', '/', '웹캠(FHD)', '/']","['썬더볼트4', ':', '2개(USB-C겸용)', '/ USB-A: 1개 / MicroSD카드 /']","['지문인식(전원버튼) /', 'TPM', '/', 'USB-PD', '/', 'DP Alt Mode', '/']","['키보드 라이트', '/', 'ㅗ형 방향키', '/']","['배터리', ':', '63Wh', '/', '어댑터', ':', '65W', '/', '충전단자', ':', '타입C', '/']","['두께', ':', '11.3mm', '/', '무게', ':', '1.17kg', '/ 색상: 그라파이트']"
15,삼성전자 갤럭시북2 프로 NT950XEE-X71A,"1,699,000",노트북,윈도우11홈,"['39.6cm(15.6인치)', '/', '1920x1080(FHD)', '/']","['인텔', '/', '코어i7-12세대', '/', 'i7-1260P (2.1GHz)', '/', '12코어(4P+8E)', '/']","['LPDDR5(온보드)', '/', '램 용량', ':', '16GB', '/ 램 교체: 불가능 /']","['외장그래픽 /', 'Arc A350M', '/', 'VRAM:4GB', '/']","['M.2(NVMe)', '/', '512GB', '/', '저장 슬롯', ':', '2개', '/']",['무선랜: 802.11ax(Wi-Fi 6E) /'],"['HDMI', '/', '웹캠(FHD)', '/']","['썬더볼트4', ':', '1개(USB-C겸용)', '/ USB-C: 1개 / USB-A: 1개 / MicroSD카드 /']","['지문 인식', '/', 'TPM', '/', 'USB-PD', '/', 'MIL-STD', '/']","['키보드 라이트', '/', 'ㅗ형 방향키', '/', '숫자 키패드(3열)', '/']","['배터리', ':', '68Wh', '/', '어댑터', ':', '65W', '/', '충전단자', ':', '타입C', '/']","['두께', ':', '13.3mm', '/', '무게', ':', '1.17kg', '/ 색상: 그라파이트']"
16,MSI 사이보그 15 A12VF WIN11 32GB램,"1,337,290",노트북,윈도우11(설치),"['39.6cm(15.6인치)', '/', '1920x1080(FHD)', '/', '250nit', '/', '주사율', ':', '144Hz', '/']","['인텔', '/', '코어i7-12세대', '/', 'i7-12650H (2.3GHz)', '/', '10코어(6P+4E)', '/']","['DDR5', '/', '램 용량', ':', '32GB', '/', '4800MHz', '/ 램 교체: 가능 /']","['외장그래픽 /', 'RTX4060', '/', 'TGP', ':', '45W', '/', 'VRAM:8GB', '/']","['M.2(NVMe)', '/', '512GB', '/']","['무선랜:', '802.11ax(Wi-Fi 6)', '/ 유선랜:', '기가비트', '/']","['HDMI', '/', '웹캠(HD)', '/']",['USB-C: 1개 / USB-A: 2개 /'],"['DP Alt Mode', '/']","['키보드 라이트', '/', 'ㅗ형 방향키', '/', '숫자 키패드(3열)', '/']","['배터리', ':', '53.5Wh', '/', '어댑터', ':', '120W', '/', '충전단자', ':', 'DC', '/']","['두께', ':', '22.9mm', '/', '무게', ':', '1.98kg', '/ 색상: 블랙']"
17,MSI GP시리즈 Vector GP66 12UEO QHD OLED WIN11 16GB램,"1,193,080",노트북,윈도우11(설치),"['39.6cm(15.6인치)', '/', '2560x1440(QHD)', '/', '400nit', '/', '주사율', ':', '240Hz', '/']","['인텔', '/', '코어i7-12세대', '/', 'i7-12650H (2.3GHz)', '/', '10코어(6P+4E)', '/']","['DDR5', '/', '램 용량', ':', '16GB', '/', '4800MHz', '/ 램 교체: 가능 /']","['외장그래픽 /', 'RTX3060', '/', 'TGP', ':', '140W', '/', 'VRAM:6GB', '/', '논 옵티머스', '/']","['M.2(NVMe)', '/', '512GB', '/', '저장 슬롯', ':', '2개', '/']","['무선랜: 802.11ax(Wi-Fi 6E) / 유선랜:', '기가비트', '/']","['HDMI', '/', 'mini DP', '/', '웹캠(HD)', '/']",['USB-C: 1개 / USB-A: 3개 /'],"['DP Alt Mode', '/']","['RGB 라이트', '/', 'ㅗ형 방향키', '/']","['배터리', ':', '65Wh', '/', '어댑터', ':', '240W', '/', '충전단자', ':', 'DC', '/']","['두께', ':', '23.4mm', '/', '무게', ':', '2.38kg', '/ 쿨링팬: 2개 / 색상: 블랙']"
18,에이서 프레데터 Helios 18 PH18-71 4070,"2,690,000",노트북,미포함(프리도스),"['45.72cm(18인치)', '/', '2560x1600(WQXGA)', '/', '300nit', '/', '주사율', ':', '165Hz', '/']","['인텔', '/', '코어i9-13세대', '/', 'i9-13900HX (2.2GHz)', '/ 24코어(8P+16E) /']","['DDR5', '/', '램 용량', ':', '16GB', '/', '4800MHz', '/ 램 교체: 가능 /']","['외장그래픽 /', 'RTX4070', '/', 'TGP', ':', '140W', '/', 'VRAM:8GB', '/', '논 옵티머스', '/']","['M.2(NVMe)', '/', '512GB', '/', '저장 슬롯', ':', '2개', '/']","['무선랜: 802.11ax(Wi-Fi 6E) / 유선랜:', '기가비트', '/']","['HDMI 2.1', '/', '웹캠(FHD)', '/']","['썬더볼트4', ':', '2개(USB-C겸용)', '/ USB-A: 3개 / MicroSD카드 /']","['USB-PD', '/']","['RGB 라이트', '/', 'ㅗ형 방향키', '/', '숫자 키패드(4열)', '/']","['배터리', ':', '90Wh', '/', '어댑터', ':', '330W', '/', '충전단자', ':', 'DC', '/']","['두께', ':', '29.15mm', '/', '무게', ':', '3.16kg', '/ 쿨링팬: 2개 / 색상: 블랙']"
19,ASUS ROG STRIX G18 G814JV-N5002,"2,149,000",노트북,미포함(프리도스),"['45.72cm(18인치)', '/', '1920x1200(WUXGA)', '/', '300nit', '/', '주사율', ':', '165Hz', '/']","['인텔', '/', '코어i7-13세대', '/', 'i7-13650HX (2.6GHz)', '/ 14코어(6P+8E) /']","['DDR5', '/', '램 용량', ':', '16GB', '/', '4800MHz', '/ 램 교체: 가능 /']","['외장그래픽 /', 'RTX4060', '/', 'TGP', ':', '140W', '/', 'VRAM:8GB', '/', 'MUX 스위치', '/']","['M.2(NVMe)', '/', '512GB', '/', '저장 슬롯', ':', '2개', '/']","['무선랜: 802.11ax(Wi-Fi 6E) / 유선랜:', '기가비트', '/']","['HDMI 2.1', '/', '웹캠(HD)', '/']","['썬더볼트4', ':', '1개(USB-C겸용)', '/ USB-C: 1개 / USB-A: 2개 /']","['TPM', '/', '고속충전', '/', 'USB-PD', '/', 'DP Alt Mode', '/']","['RGB 라이트', '/', 'ㅗ형 방향키', '/', '숫자 키패드(4열)', '/']","['배터리', ':', '90Wh', '/', '어댑터', ':', '280W', '/', '충전단자', ':', 'DC', '/']","['두께', ':', '30.08mm', '/', '무게', ':', '3kg', '/ 쿨링팬: 3개 / 색상: 그레이']"
20,삼성전자 갤럭시북3 프로 NT940XFT-A51A,"1,496,790",노트북,미포함(프리도스),"['35.6cm(14인치)', '/', '2880x1800(WQXGA+)', '/', '400nit', '/', '주사율', ':', '120Hz', '/']","['인텔', '/', '코어i5-13세대', '/', 'i5-1340P (1.9GHz)', '/', '12코어(4P+8E)', '/']","['LPDDR5(온보드)', '/', '램 용량', ':', '16GB', '/ 램 교체: 불가능 /']",['내장그래픽 / Iris Xe /'],"['M.2(NVMe)', '/', '256GB', '/', '저장 슬롯', ':', '2개', '/']",['무선랜: 802.11ax(Wi-Fi 6E) /'],"['HDMI', '/', '웹캠(FHD)', '/']","['썬더볼트4', ':', '2개(USB-C겸용)', '/ USB-A: 1개 / MicroSD카드 /']","['지문인식(전원버튼) /', 'TPM', '/', 'USB-PD', '/', 'DP Alt Mode', '/']","['키보드 라이트', '/', 'ㅗ형 방향키', '/']","['배터리', ':', '63Wh', '/', '어댑터', ':', '65W', '/', '충전단자', ':', '타입C', '/']","['두께', ':', '11.3mm', '/', '무게', ':', '1.17kg', '/ 색상: 베이지, 그라파이트']"
21,삼성전자 갤럭시북3 NT750XFT-A71A,"1,249,000",노트북,미포함(프리도스),"['39.6cm(15.6인치)', '/', '1920x1080(FHD)', '/']","['인텔', '/', '코어i7-13세대', '/', 'i7-1355U (1.7GHz)', '/', '10코어(2P+8E)', '/']","['LPDDR4x(온보드) /', '램 용량', ':', '16GB', '/ 램 교체: 불가능 /']",['내장그래픽 / Iris Xe /'],"['M.2(NVMe)', '/', '512GB', '/', '저장 슬롯', ':', '2개', '/']","['무선랜:', '802.11ax(Wi-Fi 6)', '/']","['HDMI', '/', '웹캠(HD)', '/']",['USB-C: 2개 / USB-A: 2개 / MicroSD카드 /'],"['TPM', '/']","['키보드 라이트', '/', 'ㅗ형 방향키', '/', '숫자 키패드(3열)', '/']","['배터리', ':', '54Wh', '/', '어댑터', ':', '45W', '/', '충전단자', ':', '타입C', '/']","['두께', ':', '15.4mm', '/', '무게', ':', '1.57kg', '/ 색상: 그라파이트']"
22,LG전자 2023 울트라PC 15UD40R-GX36K 16GB램,"544,750",노트북,미포함(프리도스),"['39.6cm(15.6인치)', '/', '1920x1080(FHD)', '/']","['AMD', '/', '라이젠3(Zen3)', '/ 7330U (2.3Hz) /', '쿼드(4)코어', '/']","['DDR4', '/', '램 용량', ':', '16GB', '/', '3200MHz', '/ 램 교체: 가능 /']",['내장그래픽 / Radeon Graphics /'],"['M.2(NVMe)', '/', '256GB', '/', '저장 슬롯', ':', '2개', '/']","['무선랜:', '802.11ax(Wi-Fi 6)', '/ 유선랜:', '기가비트', '/']","['HDMI', '/', '웹캠(HD)', '/']",['USB-C: 1개 / USB-A: 2개 / MicroSD카드 /'],,"['ㅗ형 방향키', '/', '숫자 키패드(3열)', '/']","['배터리', ':', '49Wh', '/', '어댑터', ':', '65W', '/', '충전단자', ':', 'DC', '/']","['두께', ':', '19.1mm', '/', '무게', ':', '1.75kg', '/ 색상: 화이트']"
23,LG전자 2022 그램16(12세대) 16ZD90Q-EX56K WIN11,"1,392,340",노트북,윈도우11(설치),"['40.6cm(16인치)', '/', '2560x1600(WQXGA)', '/', '350nit', '/']","['인텔', '/', '코어i5-12세대', '/', 'i5-1240P (1.7GHz)', '/', '12코어(4P+8E)', '/']","['LPDDR5(온보드)', '/', '램 용량', ':', '16GB', '/', '5200MHz', '/ 램 교체: 불가능 /']","['외장그래픽 /', 'RTX2050', '/', 'VRAM:4GB', '/']","['M.2(NVMe)', '/', '256GB', '/', '저장 슬롯', ':', '2개', '/']",['무선랜: 802.11ax(Wi-Fi 6E) /'],"['HDMI', '/', '웹캠(FHD)', '/']","['썬더볼트4', ':', '2개(USB-C겸용)', '/ USB-A: 2개 / MicroSD카드 /']","['얼굴 인식', '/', 'USB-PD', '/', 'MIL-STD', '/']","['키보드 라이트', '/', 'ㅗ형 방향키', '/', '숫자 키패드(3열)', '/']","['배터리', ':', '90Wh', '/', '어댑터', ':', '65W', '/', '충전단자', ':', '타입C', '/']","['두께', ':', '16.8mm', '/', '무게', ':', '1.285kg', '/ 색상: 화이트']"
24,MSI GF시리즈 Sword GF76 B12VEK 32GB램,"1,347,600",노트북,미포함(프리도스),"['43.9cm(17.3인치)', '/', '1920x1080(FHD)', '/', '250nit', '/', '주사율', ':', '144Hz', '/']","['인텔', '/', '코어i7-12세대', '/', 'i7-12650H (2.3GHz)', '/', '10코어(6P+4E)', '/']","['DDR5', '/', '램 용량', ':', '32GB', '/', '4800MHz', '/ 램 교체: 가능 /']","['외장그래픽 /', 'RTX4050', '/', 'TGP', ':', '105W', '/', 'VRAM:6GB', '/', 'MUX 스위치', '/']","['M.2(NVMe)', '/', '512GB', '/', '저장 슬롯', ':', '2개', '/']","['무선랜:', '802.11ax(Wi-Fi 6)', '/ 유선랜:', '기가비트', '/']","['HDMI', '/', '웹캠(HD)', '/']",['USB-C: 1개 / USB-A: 3개 /'],"['DP Alt Mode', '/']","['RGB 라이트', '/', 'ㅗ형 방향키', '/', '숫자 키패드(3열)', '/']","['배터리', ':', '53.5Wh', '/', '충전단자', ':', 'DC', '/']","['두께', ':', '25.2mm', '/', '무게', ':', '2.6kg', '/ 쿨링팬: 2개 / 색상: 블랙']"
25,LG전자 2022 그램15(12세대) 15ZD95Q-GX56K WIN11,"1,155,220",노트북,윈도우11(설치),"['39.6cm(15.6인치)', '/', '1920x1080(FHD)', '/', '350nit', '/']","['인텔', '/', '코어i5-12세대', '/', 'i5-1235U (1.3GHz)', '/', '10코어(2P+8E)', '/']","['LPDDR4x(온보드) /', '램 용량', ':', '16GB', '/', '4266MHz', '/ 램 교체: 불가능 /']",['내장그래픽 / Iris Xe /'],"['M.2(NVMe)', '/', '256GB', '/', '저장 슬롯', ':', '2개', '/']",['무선랜: 802.11ax(Wi-Fi 6E) /'],"['HDMI 2.0', '/', '웹캠(HD)', '/']","['썬더볼트4', ':', '2개(USB-C겸용)', '/ USB-A: 2개 / MicroSD카드 /']","['지문 인식', '/', 'USB-PD', '/', 'MIL-STD', '/']","['키보드 라이트', '/', 'ㅗ형 방향키', '/', '숫자 키패드(3열)', '/']","['배터리', ':', '80Wh', '/', '어댑터', ':', '65W', '/', '충전단자', ':', '타입C', '/']","['두께', ':', '17.4mm', '/', '무게', ':', '1.14kg', '/ 색상: 화이트']"
26,HP 빅터스 15-fa1014TX,"1,299,000",노트북,미포함(프리도스),"['39.6cm(15.6인치)', '/', '1920x1080(FHD)', '/', '250nit', '/', '주사율', ':', '144Hz', '/']","['인텔', '/', '코어i5-13세대', '/', 'i5-13500H (2.6GHz)', '/', '12코어(4P+8E)', '/']","['DDR4', '/', '램 용량', ':', '16GB', '/', '3200MHz', '/ 램 교체: 가능 /']","['외장그래픽 /', 'RTX4050', '/', 'VRAM:6GB', '/']","['M.2(NVMe)', '/', '512GB', '/']","['무선랜: 802.11ax(Wi-Fi 6E) / 유선랜:', '기가비트', '/']","['HDMI 2.1', '/', '웹캠(HD)', '/']",['USB-C: 1개 / USB-A: 2개 / SD카드 /'],"['고속충전', '/', 'DP Alt Mode', '/']","['키보드 라이트', '/', 'ㅗ형 방향키', '/', '숫자 키패드(4열)', '/']","['배터리', ':', '70Wh', '/', '어댑터', ':', '200W', '/', '충전단자', ':', 'DC', '/']","['두께', ':', '23.5mm', '/', '무게', ':', '2.29kg', '/ 색상: 블랙']"
27,MSI GP시리즈 Vector GP66 12UGSO QHD,"1,599,000",노트북,미포함(프리도스),"['39.6cm(15.6인치)', '/', '2560x1440(QHD)', '/', '300nit', '/', '주사율', ':', '165Hz', '/']","['인텔', '/', '코어i7-12세대', '/', 'i7-12700H (2.3GHz)', '/ 14코어(6P+8E) /']","['DDR5', '/', '램 용량', ':', '16GB', '/', '4800MHz', '/ 램 교체: 가능 /']","['외장그래픽 /', 'RTX3070 Ti', '/', 'TGP', ':', '150W', '/', 'VRAM:8GB', '/', '논 옵티머스', '/']","['M.2(NVMe)', '/', '1TB', '/', '저장 슬롯', ':', '2개', '/']",['무선랜: 802.11ax(Wi-Fi 6E) / 유선랜: 2.5기가비트 /'],"['HDMI', '/', 'mini DP', '/', '웹캠(HD)', '/']",['USB-C: 1개 / USB-A: 3개 /'],"['DP Alt Mode', '/']","['RGB 라이트', '/', 'ㅗ형 방향키', '/']","['배터리', ':', '65Wh', '/', '어댑터', ':', '280W', '/', '충전단자', ':', 'DC', '/']","['두께', ':', '23.4mm', '/', '무게', ':', '2.38kg', '/ 쿨링팬: 2개 / 색상: 블랙']"
28,HP 오멘 16-n0094AX,"1,698,000",노트북,윈도우11홈,"['40.9cm(16.1인치)', '/', '2560x1440(QHD)', '/', '300nit', '/', '주사율', ':', '165Hz', '/']","['AMD', '/', '라이젠7-5세대', '/', '6800H (3.2GHz)', '/', '옥타(8)코어', '/']","['DDR5', '/', '램 용량', ':', '16GB', '/', '4800MHz', '/ 램 교체: 가능 /']","['외장그래픽 /', 'RTX3070 Ti', '/', 'TGP', ':', '150W', '/', 'VRAM:8GB', '/', '논 옵티머스', '/']","['M.2(NVMe)', '/', '512GB', '/']","['무선랜: 802.11ax(Wi-Fi 6E) / 유선랜:', '기가비트', '/']","['HDMI 2.1', '/', '웹캠(HD)', '/']",['USB-C: 2개 / USB-A: 3개 / SD카드 /'],"['고속충전', '/', 'USB-PD', '/', 'DP Alt Mode', '/']","['RGB 라이트', '/', 'ㅗ형 방향키', '/', '표준 텐키리스', '/']","['배터리', ':', '83Wh', '/', '어댑터', ':', '280W', '/', '충전단자', ':', 'DC', '/']","['두께', ':', '23mm', '/', '무게', ':', '2.35kg', '/ 쿨링팬: 2개 / 색상: 블랙']"
29,MSI GT시리즈 Titan GT77 HX 13VI-i9 4K Mini LED W11,"6,725,890",노트북,윈도우11홈,"['43.9cm(17.3인치)', '/', '3840x2160(4K UHD)', '/', '1000nit', '/', '주사율', ':', '144Hz', '/']","['인텔', '/', '코어i9-13세대', '/', 'i9-13980HX (2.2GHz)', '/ 24코어(8P+16E) /']","['DDR5', '/', '램 용량', ':', '64GB', '/ 램 교체: 가능 /']","['외장그래픽 /', 'RTX4090', '/', 'TGP', ':', '175W', '/', 'VRAM:16GB', '/', 'MUX 스위치', '/']","['M.2(NVMe)', '/', '4TB', '/', '저장 슬롯', ':', '3개', '/']",['무선랜: 802.11ax(Wi-Fi 6E) / 유선랜: 2.5기가비트 /'],"['HDMI', '/', 'mini DP', '/', '웹캠(HD)', '/']","['썬더볼트4', ':', '2개(USB-C겸용)', '/ USB-A: 3개 / SD카드 /']","['얼굴 인식', '/', '지문 인식', '/ 웹캠OFF 지원 /', '고속충전', '/', 'USB-PD', '/', 'DP Alt Mode', '/']","['기계식 키보드', '/', 'RGB 라이트', '/', 'ㅗ형 방향키', '/', '숫자 키패드(3열)', '/']","['배터리', ':', '99.9Wh', '/', '어댑터', ':', '330W', '/', '충전단자', ':', '전용포트', '/']","['두께', ':', '23mm', '/', '무게', ':', '3.3kg', '/ 쿨링팬: 4개 / 색상: 블랙']"
30,LG전자 2023 그램15 15ZD90R-GX56K,"1,334,420",노트북,미포함(프리도스),"['39.6cm(15.6인치)', '/', '1920x1080(FHD)', '/', '350nit', '/']","['인텔', '/', '코어i5-13세대', '/', 'i5-1340P (1.9GHz)', '/', '12코어(4P+8E)', '/']","['LPDDR5(온보드)', '/', '램 용량', ':', '16GB', '/', '6000MHz', '/ 램 교체: 불가능 /']",['내장그래픽 / Iris Xe /'],"['M.2(NVMe)', '/', '256GB', '/', '저장 슬롯', ':', '2개', '/']",['무선랜: 802.11ax(Wi-Fi 6E) /'],"['HDMI', '/', '웹캠(FHD)', '/']","['썬더볼트4', ':', '2개(USB-C겸용)', '/ USB-A: 2개 / MicroSD카드 /']","['얼굴 인식', '/', 'USB-PD', '/', 'DP Alt Mode', '/', 'MIL-STD', '/']","['키보드 라이트', '/', 'ㅗ형 방향키', '/', '숫자 키패드(3열)', '/']","['배터리', ':', '80Wh', '/', '어댑터', ':', '65W', '/', '충전단자', ':', '타입C', '/']","['두께', ':', '17.4mm', '/', '무게', ':', '1.14kg', '/ 색상: 화이트']"
31,MSI Stealth 17M A12UE,"1,288,000",노트북,미포함(프리도스),"['43.9cm(17.3인치)', '/', '1920x1080(FHD)', '/', '250nit', '/', '주사율', ':', '144Hz', '/']","['인텔', '/', '코어i7-12세대', '/', 'i7-1280P (1.8GHz)', '/ 14코어(6P+8E) /']","['DDR4', '/', '램 용량', ':', '16GB', '/', '3200MHz', '/ 램 교체: 가능 /']","['외장그래픽 /', 'RTX3060', '/', 'TGP', ':', '75W', '/', 'VRAM:6GB', '/']","['M.2(NVMe)', '/', '512GB', '/']","['무선랜:', '802.11ax(Wi-Fi 6)', '/']","['HDMI', '/', '웹캠(HD)', '/']",['USB-C: 1개 / USB-A: 2개 /'],"['DP Alt Mode', '/']","['키보드 라이트', '/', 'ㅗ형 방향키', '/', '숫자 키패드(4열)', '/']","['배터리', ':', '65Wh', '/', '어댑터', ':', '180W', '/', '충전단자', ':', 'DC', '/']","['두께', ':', '21.55mm', '/', '무게', ':', '2.2kg', '/ 색상: 블랙']"
32,LG전자 2023 그램16 16ZD90R-GX56K,"1,429,000",노트북,미포함(프리도스),"['40.6cm(16인치)', '/', '2560x1600(WQXGA)', '/', '350nit', '/']","['인텔', '/', '코어i5-13세대', '/', 'i5-1340P (1.9GHz)', '/', '12코어(4P+8E)', '/']","['LPDDR5(온보드)', '/', '램 용량', ':', '16GB', '/', '6000MHz', '/ 램 교체: 불가능 /']",['내장그래픽 / Iris Xe /'],"['M.2(NVMe)', '/', '256GB', '/', '저장 슬롯', ':', '2개', '/']",['무선랜: 802.11ax(Wi-Fi 6E) /'],"['HDMI', '/', '웹캠(FHD)', '/']","['썬더볼트4', ':', '2개(USB-C겸용)', '/ USB-A: 2개 / MicroSD카드 /']","['얼굴 인식', '/', 'USB-PD', '/', 'MIL-STD', '/']","['키보드 라이트', '/', 'ㅗ형 방향키', '/', '숫자 키패드(3열)', '/']","['배터리', ':', '80Wh', '/', '어댑터', ':', '65W', '/', '충전단자', ':', '타입C', '/']","['두께', ':', '16.8mm', '/', '무게', ':', '1.199kg', '/ 색상: 화이트']"
33,한성컴퓨터 TFG7276XGW,"1,648,000",노트북,윈도우11홈,"['43.94cm(17.3인치)', '/', '1920x1080(FHD)', '/', '300nit', '/', '주사율', ':', '144Hz', '/']","['인텔', '/', '코어i7-12세대', '/', 'i7-12700H (2.3GHz)', '/ 14코어(6P+8E) /']","['DDR5', '/', '램 용량', ':', '16GB', '/', '4800MHz', '/ 램 교체: 가능 /']","['외장그래픽 /', 'RTX3060', '/', 'TGP', ':', '140W', '/', 'VRAM:6GB', '/']","['M.2(NVMe)', '/', '500GB', '/', '저장 슬롯', ':', '2개', '/']","['무선랜:', '802.11ax(Wi-Fi 6)', '/ 유선랜:', '기가비트', '/']","['HDMI 2.1', '/', '웹캠(HD)', '/']","['썬더볼트4', ':', '1개(USB-C겸용)', '/ USB-A: 3개 / MicroSD카드 /']","['얼굴 인식', '/', 'DP Alt Mode', '/']","['RGB 라이트', '/', 'ㅗ형 방향키', '/', '숫자 키패드(3열)', '/']","['배터리', ':', '91.24Wh', '/', '어댑터', ':', '230W', '/', '충전단자', ':', 'DC', '/']","['두께', ':', '22mm', '/', '무게', ':', '2.5kg', '/ 색상: 블랙']"
34,MSI GF시리즈 Sword GF66 A12UC-i5 블랙 WIN11 16GB램,"979,980",노트북,윈도우11(설치),"['39.6cm(15.6인치)', '/', '1920x1080(FHD)', '/', '250nit', '/', '주사율', ':', '144Hz', '/']","['인텔', '/', '코어i5-12세대', '/', 'i5-12450H (2.0GHz)', '/', '옥타코어(4P+4E)', '/']","['DDR4', '/', '램 용량', ':', '16GB', '/', '3200MHz', '/ 램 교체: 가능 /']","['외장그래픽 /', 'RTX3050', '/', 'TGP', ':', '60W', '/', 'VRAM:4GB', '/']","['M.2(NVMe)', '/', '512GB', '/']","['무선랜:', '802.11ax(Wi-Fi 6)', '/ 유선랜:', '기가비트', '/']","['HDMI', '/', '웹캠(HD)', '/']",['USB-C: 1개 / USB-A: 3개 /'],,"['키보드 라이트', '/', 'ㅗ형 방향키', '/', '숫자 키패드(3열)', '/']","['배터리', ':', '53.5Wh', '/', '어댑터', ':', '180W', '/', '충전단자', ':', 'DC', '/']","['두께', ':', '24.9mm', '/', '무게', ':', '2.25kg', '/ 색상: 블랙']"
35,한성컴퓨터 TFX5560U 세잔북,"699,000",노트북,미포함(프리도스),"['39.62cm(15.6인치)', '/', '1920x1080(FHD)', '/', '350nit', '/']","['AMD', '/', '라이젠5-4세대', '/', '5600U (2.3GHz)', '/', '헥사(6)코어', '/']","['DDR4', '/', '램 용량', ':', '16GB', '/', '3200MHz', '/ 램 교체: 가능 /']",['내장그래픽 / Radeon Graphics /'],"['M.2(NVMe)', '/', '500GB', '/', '저장 슬롯', ':', '1개', '/']","['무선랜:', '802.11ac(Wi-Fi 5)', '/ 유선랜:', '기가비트', '/']","['HDMI', '/', '웹캠(HD)', '/']",['USB-C: 1개 / USB-A: 3개 / MicroSD카드 /'],"['USB-PD', '/', 'DP Alt Mode', '/']","['키보드 라이트', '/', 'ㅡ형 방향키', '/', '숫자 키패드(3열)', '/']","['배터리', ':', '53.58Wh', '/', '어댑터', ':', '65W', '/', '충전단자', ':', 'DC', '/']","['두께', ':', '21mm', '/', '무게', ':', '1.6kg', '/ 색상: 블랙']"
36,에이서 스위프트 X 14.5 OLED Studio SFX14-71G 4050,"1,698,990",노트북,미포함(프리도스),"['36.8cm(14.5인치)', '/', '2880x1800(WQXGA+)', '/', '500nit', '/', '주사율', ':', '120Hz', '/']","['인텔', '/', '코어i7-13세대', '/', 'i7-13700H (2.4GHz)', '/ 14코어(6P+8E) /']","['LPDDR5(온보드)', '/', '램 용량', ':', '16GB', '/ 램 교체: 불가능 /']","['외장그래픽 /', 'RTX4050', '/', 'TGP', ':', '50W', '/', 'VRAM:6GB', '/']","['M.2(NVMe)', '/', '512GB', '/', '저장 슬롯', ':', '1개', '/']",['무선랜: 802.11ax(Wi-Fi 6E) /'],"['HDMI 2.1', '/', '웹캠(FHD)', '/']","['썬더볼트4', ':', '2개(USB-C겸용)', '/ USB-A: 2개 / MicroSD카드 /']","['지문인식(전원버튼) /', 'USB-PD', '/', 'DP Alt Mode', '/']","['키보드 라이트', '/', 'ㅡ형 방향키', '/']","['배터리', ':', '76Wh', '/', '어댑터', ':', '100W', '/', '충전단자', ':', '타입C', '/']","['두께', ':', '17.9mm', '/', '무게', ':', '1.55kg', '/ 쿨링팬: 1개 / 색상: 그레이']"
37,ASUS ROG STRIX G15 G513RC-HN015 32GB램,"1,348,000",노트북,미포함(프리도스),"['39.62cm(15.6인치)', '/', '1920x1080(FHD)', '/', '250nit', '/', '주사율', ':', '144Hz', '/']","['AMD', '/', '라이젠7-5세대', '/', '6800H (3.2GHz)', '/', '옥타(8)코어', '/']","['DDR5', '/', '램 용량', ':', '32GB', '/', '4800MHz', '/ 램 교체: 가능 /']","['외장그래픽 /', 'RTX3050', '/', 'TGP', ':', '95W', '/', 'VRAM:4GB', '/', 'MUX 스위치', '/']","['M.2(NVMe)', '/', '512GB', '/', '저장 슬롯', ':', '2개', '/']","['무선랜: 802.11ax(Wi-Fi 6E) / 유선랜:', '기가비트', '/']","['HDMI 2.0', '/']",['USB-C: 2개 / USB-A: 2개 /'],"['고속충전', '/', 'USB-PD', '/', 'DP Alt Mode', '/']","['RGB 라이트', '/', 'ㅗ형 방향키', '/']","['배터리', ':', '56Wh', '/', '어댑터', ':', '200W', '/', '충전단자', ':', 'DC', '/']","['두께', ':', '25.9mm', '/', '무게', ':', '2.1kg', '/ 색상: 그레이']"
38,MSI GF시리즈 Sword GF76 B13VFK WIN11 32GB램,"1,608,900",노트북,윈도우11(설치),"['43.9cm(17.3인치)', '/', '1920x1080(FHD)', '/', '250nit', '/', '주사율', ':', '144Hz', '/']","['인텔', '/', '코어i7-13세대', '/', 'i7-13620H (2.4GHz)', '/', '10코어(6P+4E)', '/']","['DDR5', '/', '램 용량', ':', '32GB', '/ 램 교체: 가능 /']","['외장그래픽 /', 'RTX4060', '/', 'TGP', ':', '105W', '/', 'VRAM:8GB', '/', 'MUX 스위치', '/']","['M.2(NVMe)', '/', '512GB', '/', '저장 슬롯', ':', '2개', '/']","['무선랜:', '802.11ax(Wi-Fi 6)', '/ 유선랜:', '기가비트', '/']","['HDMI', '/', '웹캠(HD)', '/']",['USB-C: 1개 / USB-A: 3개 /'],"['DP Alt Mode', '/']","['RGB 라이트', '/', 'ㅗ형 방향키', '/', '숫자 키패드(3열)', '/']","['배터리', ':', '53.5Wh', '/', '충전단자', ':', 'DC', '/']","['두께', ':', '25.2mm', '/', '무게', ':', '2.6kg', '/ 쿨링팬: 2개 / 색상: 블랙']"
39,레노버 LEGION Pro 5i 16IRX i9 4070 Plus 64GB램,"2,840,000",노트북,미포함(프리도스),"['40.6cm(16인치)', '/', '2560x1600(WQXGA)', '/', '500nit', '/', '주사율', ':', '240Hz', '/']","['인텔', '/', '코어i9-13세대', '/', 'i9-13900HX (2.2GHz)', '/ 24코어(8P+16E) /']","['DDR5', '/', '램 용량', ':', '64GB', '/', '5600MHz', '/ 램 교체: 가능 /']","['외장그래픽 /', 'RTX4070', '/', 'TGP', ':', '140W', '/', 'VRAM:8GB', '/']","['M.2(NVMe)', '/', '1TB', '/', '저장 슬롯', ':', '2개', '/']","['무선랜: 802.11ax(Wi-Fi 6E) / 유선랜:', '기가비트', '/']","['HDMI 2.1', '/', '웹캠(FHD)', '/']",['USB-C: 2개 / USB-A: 4개 /'],"['웹캠OFF 지원 /', 'USB-PD', '/', 'DP Alt Mode', '/']","['RGB 라이트', '/', 'ㅗ형 방향키', '/', '숫자 키패드(4열)', '/']","['배터리', ':', '80Wh', '/', '충전단자', ':', 'DC', '/']","['두께', ':', '26.75mm', '/', '무게', ':', '2.5kg', '/ 쿨링팬: 2개 / 색상: 그레이 / ADP 서비스 2년 / Premium Care 서비스 2년']"
40,APPLE 2022 맥북에어 MLY33KH/A,"1,434,050",노트북,macOS Monterey,"['34.5cm(13.6인치)', '/', '2560x1664', '/', '500nit', '/']","['애플(ARM) /', '실리콘 M2', '/', '옥타코어(4+4)', '/']","['램 용량', ':', '8GB', '/ 램 교체: 불가능 /']","['내장그래픽 /', 'M2 8 core', '/']","['SSD', '/', '256GB', '/']","['무선랜:', '802.11ax(Wi-Fi 6)', '/']","['웹캠(FHD)', '/']","['썬더볼트3', ':', '2개(USB-C겸용)', '/']","['지문 인식', '/', 'USB-PD', '/', 'DP Alt Mode', '/']","['키보드 라이트', '/', 'ㅗ형 방향키', '/']","['배터리', ':', '52.6Wh', '/', '어댑터', ':', '30W', '/', '충전단자', ':', 'MagSafe 3', '/']","['두께', ':', '11.3mm', '/', '무게', ':', '1.24kg', '/ 쿨링팬:', '없음(팬리스)', '/ 색상: 미드나이트 / 16코어 Neural Engine / 100GB/s 메모리 대역폭 / 미디어 엔진 (디코딩+인코딩+ProRes) / 노치형 디스플레이']"
41,LG전자 2023 그램16 16ZD90R-GX56K WIN11,"1,497,870",노트북,윈도우11(설치),"['40.6cm(16인치)', '/', '2560x1600(WQXGA)', '/', '350nit', '/']","['인텔', '/', '코어i5-13세대', '/', 'i5-1340P (1.9GHz)', '/', '12코어(4P+8E)', '/']","['LPDDR5(온보드)', '/', '램 용량', ':', '16GB', '/', '6000MHz', '/ 램 교체: 불가능 /']",['내장그래픽 / Iris Xe /'],"['M.2(NVMe)', '/', '256GB', '/', '저장 슬롯', ':', '2개', '/']",['무선랜: 802.11ax(Wi-Fi 6E) /'],"['HDMI', '/', '웹캠(FHD)', '/']","['썬더볼트4', ':', '2개(USB-C겸용)', '/ USB-A: 2개 / MicroSD카드 /']","['얼굴 인식', '/', 'USB-PD', '/', 'MIL-STD', '/']","['키보드 라이트', '/', 'ㅗ형 방향키', '/', '숫자 키패드(3열)', '/']","['배터리', ':', '80Wh', '/', '어댑터', ':', '65W', '/', '충전단자', ':', '타입C', '/']","['두께', ':', '16.8mm', '/', '무게', ':', '1.199kg', '/ 색상: 화이트']"
42,MSI GF시리즈 Sword GF76 B12VEK WIN11 32GB램,"1,325,870",노트북,윈도우11(설치),"['43.9cm(17.3인치)', '/', '1920x1080(FHD)', '/', '250nit', '/', '주사율', ':', '144Hz', '/']","['인텔', '/', '코어i7-12세대', '/', 'i7-12650H (2.3GHz)', '/', '10코어(6P+4E)', '/']","['DDR5', '/', '램 용량', ':', '32GB', '/', '4800MHz', '/ 램 교체: 가능 /']","['외장그래픽 /', 'RTX4050', '/', 'TGP', ':', '105W', '/', 'VRAM:6GB', '/', 'MUX 스위치', '/']","['M.2(NVMe)', '/', '512GB', '/', '저장 슬롯', ':', '2개', '/']","['무선랜:', '802.11ax(Wi-Fi 6)', '/ 유선랜:', '기가비트', '/']","['HDMI', '/', '웹캠(HD)', '/']",['USB-C: 1개 / USB-A: 3개 /'],"['DP Alt Mode', '/']","['RGB 라이트', '/', 'ㅗ형 방향키', '/', '숫자 키패드(3열)', '/']","['배터리', ':', '53.5Wh', '/', '충전단자', ':', 'DC', '/']","['두께', ':', '25.2mm', '/', '무게', ':', '2.6kg', '/ 쿨링팬: 2개 / 색상: 블랙']"
43,에이서 프레데터 Helios 18 PH18-71 4080,"3,790,000",노트북,미포함(프리도스),"['45.72cm(18인치)', '/', '2560x1600(WQXGA)', '/', '500nit', '/', '주사율', ':', '240Hz', '/']","['인텔', '/', '코어i9-13세대', '/', 'i9-13900HX (2.2GHz)', '/ 24코어(8P+16E) /']","['DDR5', '/', '램 용량', ':', '32GB', '/', '4800MHz', '/ 램 교체: 가능 /']","['외장그래픽 /', 'RTX4080', '/', 'TGP', ':', '175W', '/', 'VRAM:12GB', '/', '논 옵티머스', '/']","['M.2(NVMe)', '/', '1TB', '/', '저장 슬롯', ':', '2개', '/']","['무선랜: 802.11ax(Wi-Fi 6E) / 유선랜:', '기가비트', '/']","['HDMI 2.1', '/', '웹캠(FHD)', '/']","['썬더볼트4', ':', '2개(USB-C겸용)', '/ USB-A: 3개 / MicroSD카드 /']","['USB-PD', '/']","['RGB 라이트', '/', 'ㅗ형 방향키', '/', '숫자 키패드(4열)', '/']","['배터리', ':', '90Wh', '/', '어댑터', ':', '330W', '/', '충전단자', ':', 'DC', '/']","['두께', ':', '29.15mm', '/', '무게', ':', '3.16kg', '/ 쿨링팬: 2개 / 색상: 블랙']"
44,Razer Blade 16 13Gen R4080 QHD,"5,289,990",노트북,윈도우11홈,"['40.8cm(16인치)', '/', '2560x1600(WQXGA)', '/', '500nit', '/', '주사율', ':', '240Hz', '/']","['인텔', '/', '코어i9-13세대', '/', 'i9-13950HX (2.2GHz)', '/ 24코어(8P+16E) /']","['DDR5', '/', '램 용량', ':', '32GB', '/', '5600MHz', '/ 램 교체: 가능 /']","['외장그래픽 /', 'RTX4080', '/', 'TGP', ':', '175W', '/', 'VRAM:12GB', '/']","['M.2(NVMe)', '/', '1TB', '/', '저장 슬롯', ':', '2개', '/']",['무선랜: 802.11ax(Wi-Fi 6E) /'],"['HDMI 2.1', '/', '웹캠(FHD)', '/']","['썬더볼트4', ':', '1개(USB-C겸용)', '/ USB-C: 1개 / USB-A: 3개 / SD카드 /']","['얼굴 인식', '/', 'TPM', '/ 웹캠OFF 지원 /', 'USB-PD', '/']","['RGB 라이트', '/', 'ㅡ형 방향키', '/']","['배터리', ':', '95.2Wh', '/', '어댑터', ':', '330W', '/', '충전단자', ':', '전용포트', '/']","['두께', ':', '21.99mm', '/', '무게', ':', '2.45kg', '/ 쿨링팬: 2개 / 색상: 블랙']"
45,레노버 요가 Slim7 ProX 14ARH7 82TL003SKR,"1,690,000",노트북,미포함(프리도스),"['36.8cm(14.5인치)', '/', '3072x1920', '/', '400nit', '/', '주사율', ':', '120Hz', '/']","['AMD', '/', '라이젠7-5세대', '/', '6800HS (3.2GHz)', '/', '옥타(8)코어', '/']","['LPDDR5(온보드)', '/', '램 용량', ':', '32GB', '/', '6400MHz', '/ 램 교체: 불가능 /']","['외장그래픽 /', 'RTX3050', '/', 'VRAM:4GB', '/']","['M.2(NVMe)', '/', '512GB', '/', '저장 슬롯', ':', '1개', '/']",['무선랜: 802.11ax(Wi-Fi 6E) /'],"['웹캠(FHD)', '/']",['USB-C: 2개 / USB-A: 2개 /'],"['얼굴 인식', '/ 웹캠OFF 지원 /', '고속충전', '/', 'USB-PD', '/', 'DP Alt Mode', '/']","['키보드 라이트', '/', 'ㅡ형 방향키', '/']","['배터리', ':', '70Wh', '/', '충전단자', ':', '타입C', '/']","['두께', ':', '15.9mm', '/', '무게', ':', '1.45kg', '/ 쿨링팬: 2개 / 색상: 그레이']"
46,APPLE 2023 맥북프로16 MNWE3KH/A,"4,356,000",노트북,macOS Ventura,"['41.0cm(16.2인치)', '/', '3456x2234', '/', '1000nit', '/', '주사율', ':', '120Hz', '/']","['애플(ARM) / 실리콘 M2 Max /', '12코어', '/']","['램 용량', ':', '32GB', '/ 램 교체: 불가능 /']",['내장그래픽 / M2 Max 38core /'],"['SSD', '/', '1TB', '/']",['무선랜: 802.11ax(Wi-Fi 6E) /'],"['HDMI', '/', '웹캠(FHD)', '/']","['썬더볼트4', ':', '3개(USB-C겸용)', '/ SD카드 /']","['지문 인식', '/', '고속충전', '/', 'USB-PD', '/', 'DP Alt Mode', '/']","['키보드 라이트', '/', 'ㅗ형 방향키', '/']","['배터리', ':', '100Wh', '/', '어댑터', ':', '140W', '/', '충전단자', ':', 'MagSafe 3', '/']","['두께', ':', '16.8mm', '/', '무게', ':', '2.16kg', '/ 색상: 실버 / 16코어 Neural Engine / 최대 400GB/s 메모리 대역폭 / 미디어 엔진 (디코딩+2인코딩+2ProRes) / 노치형 디스플레이']"
47,삼성전자 갤럭시북3 프로 NT960XFG-K71A,"2,083,790",노트북,윈도우11홈,"['40.6cm(16인치)', '/', '2880x1800(WQXGA+)', '/', '400nit', '/', '주사율', ':', '120Hz', '/']","['인텔', '/', '코어i7-13세대', '/', 'i7-1360P (2.2GHz)', '/', '12코어(4P+8E)', '/']","['LPDDR5(온보드)', '/', '램 용량', ':', '16GB', '/ 램 교체: 불가능 /']",['내장그래픽 / Iris Xe /'],"['M.2(NVMe)', '/', '512GB', '/', '저장 슬롯', ':', '2개', '/']",['무선랜: 802.11ax(Wi-Fi 6E) /'],"['HDMI', '/', '웹캠(FHD)', '/']","['썬더볼트4', ':', '2개(USB-C겸용)', '/ USB-A: 1개 / MicroSD카드 /']","['지문인식(전원버튼) /', 'TPM', '/', 'USB-PD', '/', 'DP Alt Mode', '/']","['키보드 라이트', '/', 'ㅗ형 방향키', '/', '숫자 키패드(3열)', '/']","['배터리', ':', '76Wh', '/', '어댑터', ':', '65W', '/', '충전단자', ':', '타입C', '/']","['두께', ':', '12.5mm', '/', '무게', ':', '1.56kg', '/ 색상: 그라파이트']"
48,삼성전자 갤럭시북2 프로 NT930XEW-A51A,"1,197,000",노트북,미포함(프리도스),"['33.7cm(13.3인치)', '/', '1920x1080(FHD)', '/']","['인텔', '/', '코어i5-12세대', '/', 'i5-1240P (1.7GHz)', '/', '12코어(4P+8E)', '/']","['LPDDR5(온보드)', '/', '램 용량', ':', '16GB', '/ 램 교체: 불가능 /']",['내장그래픽 / Iris Xe /'],"['M.2(NVMe)', '/', '256GB', '/', '저장 슬롯', ':', '1개', '/']",['무선랜: 802.11ax(Wi-Fi 6E) /'],"['HDMI', '/', '웹캠(FHD)', '/']","['썬더볼트4', ':', '1개(USB-C겸용)', '/ USB-C: 1개 / USB-A: 1개 / MicroSD카드 /']","['지문 인식', '/', 'TPM', '/', 'USB-PD', '/', 'MIL-STD', '/']","['키보드 라이트', '/', 'ㅗ형 방향키', '/']","['배터리', ':', '63Wh', '/', '어댑터', ':', '65W', '/', '충전단자', ':', '타입C', '/']","['두께', ':', '11.2mm', '/', '무게', ':', '870g', '/ 색상: 실버']"
49,MSI GP시리즈 Vector GP66 12UEO QHD OLED WIN11 32GB램,"1,358,890",노트북,윈도우11(설치),"['39.6cm(15.6인치)', '/', '2560x1440(QHD)', '/', '400nit', '/', '주사율', ':', '240Hz', '/']","['인텔', '/', '코어i7-12세대', '/', 'i7-12650H (2.3GHz)', '/', '10코어(6P+4E)', '/']","['DDR5', '/', '램 용량', ':', '32GB', '/', '4800MHz', '/ 램 교체: 가능 /']","['외장그래픽 /', 'RTX3060', '/', 'TGP', ':', '140W', '/', 'VRAM:6GB', '/', '논 옵티머스', '/']","['M.2(NVMe)', '/', '512GB', '/', '저장 슬롯', ':', '2개', '/']","['무선랜: 802.11ax(Wi-Fi 6E) / 유선랜:', '기가비트', '/']","['HDMI', '/', 'mini DP', '/', '웹캠(HD)', '/']",['USB-C: 1개 / USB-A: 3개 /'],"['DP Alt Mode', '/']","['RGB 라이트', '/', 'ㅗ형 방향키', '/']","['배터리', ':', '65Wh', '/', '어댑터', ':', '240W', '/', '충전단자', ':', 'DC', '/']","['두께', ':', '23.4mm', '/', '무게', ':', '2.38kg', '/ 쿨링팬: 2개 / 색상: 블랙']"
50,레노버 LEGION 5i Pro 16IAH I7 3060 32GB램,"1,759,000",노트북,미포함(프리도스),"['40.6cm(16인치)', '/', '2560x1600(WQXGA)', '/', '500nit', '/', '주사율', ':', '165Hz', '/']","['인텔', '/', '코어i7-12세대', '/', 'i7-12700H (2.3GHz)', '/ 14코어(6P+8E) /']","['DDR5', '/', '램 용량', ':', '32GB', '/', '4800MHz', '/ 램 교체: 가능 /']","['외장그래픽 /', 'RTX3060', '/', 'TGP', ':', '140W', '/', 'VRAM:6GB', '/', '논 옵티머스', '/']","['M.2(NVMe)', '/', '512GB', '/', '저장 슬롯', ':', '2개', '/']","['무선랜: 802.11ax(Wi-Fi 6E) / 유선랜:', '기가비트', '/']","['HDMI 2.1', '/', '웹캠(HD)', '/']","['썬더볼트4', ':', '1개(USB-C겸용)', '/ USB-C: 2개 / USB-A: 3개 /']","['웹캠OFF 지원 /', 'USB-PD', '/', 'DP Alt Mode', '/']","['RGB 라이트', '/', 'ㅗ형 방향키', '/', '숫자 키패드(4열)', '/']","['배터리', ':', '80Wh', '/', '충전단자', ':', '전용포트', '/']","['두께', ':', '19.9mm', '/', '무게', ':', '2.49kg', '/ 쿨링팬: 2개 / 색상: 그레이']"
51,ASUS ROG STRIX G17 G713PV-LL053,"1,990,000",노트북,미포함(프리도스),"['43.94cm(17.3인치)', '/', '2560x1440(QHD)', '/', '300nit', '/', '주사율', ':', '240Hz', '/']","['AMD', '/', '라이젠9(Zen4)', '/', '7845HX (3.0Hz)', '/', '12코어', '/']","['DDR5', '/', '램 용량', ':', '16GB', '/', '4800MHz', '/ 램 교체: 가능 /']","['외장그래픽 /', 'RTX4060', '/', 'TGP', ':', '140W', '/', 'VRAM:8GB', '/', 'MUX 스위치', '/']","['M.2(NVMe)', '/', '512GB', '/', '저장 슬롯', ':', '2개', '/']","['무선랜: 802.11ax(Wi-Fi 6E) / 유선랜:', '기가비트', '/']","['HDMI 2.1', '/', '웹캠(HD)', '/']",['USB-C: 2개 / USB-A: 2개 /'],"['TPM', '/', '고속충전', '/', 'USB-PD', '/', 'DP Alt Mode', '/']","['RGB 라이트', '/', 'ㅗ형 방향키', '/', '숫자 키패드(4열)', '/']","['배터리', ':', '90Wh', '/', '어댑터', ':', '280W', '/', '충전단자', ':', 'DC', '/']","['두께', ':', '30.08mm', '/', '무게', ':', '2.8kg', '/ 쿨링팬: 2개 / 색상: 그레이']"
52,APPLE 2023 맥북프로14 MPHE3KH/A,"2,509,000",노트북,macOS Ventura,"['35.9cm(14.2인치)', '/', '3024x1964', '/', '1000nit', '/', '주사율', ':', '120Hz', '/']","['애플(ARM) / 실리콘 M2 Pro /', '10코어', '/']","['램 용량', ':', '16GB', '/ 램 교체: 불가능 /']",['내장그래픽 / M2 Pro 16core /'],"['SSD', '/', '512GB', '/']",['무선랜: 802.11ax(Wi-Fi 6E) /'],"['HDMI', '/', '웹캠(FHD)', '/']","['썬더볼트4', ':', '3개(USB-C겸용)', '/ SD카드 /']","['지문 인식', '/', '고속충전', '/', 'USB-PD', '/', 'DP Alt Mode', '/']","['키보드 라이트', '/', 'ㅗ형 방향키', '/']","['배터리', ':', '70Wh', '/', '어댑터', ':', '67W', '/', '충전단자', ':', 'MagSafe 3', '/']","['두께', ':', '15.5mm', '/', '무게', ':', '1.6kg', '/ 색상: 그레이 / 16코어 Neural Engine / 최대 200GB/s 메모리 대역폭 / 미디어 엔진 (디코딩+인코딩+ProRes) / 노치형 디스플레이']"
53,MSI GP시리즈 Vector GP77 13VF QHD WIN11 64GB램,"2,373,740",노트북,윈도우11(설치),"['43.9cm(17.3인치)', '/', '2560x1440(QHD)', '/', '500nit', '/', '주사율', ':', '240Hz', '/']","['인텔', '/', '코어i7-13세대', '/', 'i7-13700H (2.4GHz)', '/ 14코어(6P+8E) /']","['DDR5', '/', '램 용량', ':', '64GB', '/ 램 교체: 가능 /']","['외장그래픽 /', 'RTX4060', '/', 'TGP', ':', '140W', '/', 'VRAM:8GB', '/', 'MUX 스위치', '/']","['M.2(NVMe)', '/', '512GB', '/', '저장 슬롯', ':', '2개', '/']","['무선랜: 802.11ax(Wi-Fi 6E) / 유선랜:', '기가비트', '/']","['HDMI', '/', 'mini DP', '/', '웹캠(HD)', '/']",['USB-C: 1개 / USB-A: 3개 /'],"['USB-PD', '/', 'DP Alt Mode', '/']","['RGB 라이트', '/', 'ㅗ형 방향키', '/', '숫자 키패드(4열)', '/']","['배터리', ':', '65Wh', '/', '어댑터', ':', '240W', '/', '충전단자', ':', '전용포트', '/']","['두께', ':', '25.9mm', '/', '무게', ':', '2.8kg', '/ 쿨링팬: 2개 / 색상: 블랙']"
54,에이서 스위프트 엣지 OLED SFE16-42-R3TY,"1,590,000",노트북,미포함(프리도스),"['40.8cm(16인치)', '/', '3840x2400(4K UHD)', '/', '500nit', '/']","['AMD', '/', '라이젠7(Zen3+)', '/ 7735U (2.7Hz) /', '옥타(8)코어', '/']","['LPDDR5(온보드)', '/', '램 용량', ':', '16GB', '/', '6400MHz', '/ 램 교체: 불가능 /']",['내장그래픽 / Radeon 680M /'],"['M.2(NVMe)', '/', '512GB', '/', '저장 슬롯', ':', '2개', '/']",['무선랜: 802.11ax(Wi-Fi 6E) /'],"['HDMI 2.1', '/', '웹캠(FHD)', '/']",['USB-C: 2개 / USB-A: 2개 /'],"['USB-PD', '/', 'DP Alt Mode', '/']","['키보드 라이트', '/', 'ㅡ형 방향키', '/']","['배터리', ':', '54Wh', '/', '어댑터', ':', '65W', '/', '충전단자', ':', '타입C', '/']","['두께', ':', '13.95mm', '/', '무게', ':', '1.17kg', '/ 색상: 블루']"
55,LG전자 2023 그램15 15ZD90R-GX56K WIN11,"1,343,900",노트북,윈도우11(설치),"['39.6cm(15.6인치)', '/', '1920x1080(FHD)', '/', '350nit', '/']","['인텔', '/', '코어i5-13세대', '/', 'i5-1340P (1.9GHz)', '/', '12코어(4P+8E)', '/']","['LPDDR5(온보드)', '/', '램 용량', ':', '16GB', '/', '6000MHz', '/ 램 교체: 불가능 /']",['내장그래픽 / Iris Xe /'],"['M.2(NVMe)', '/', '256GB', '/', '저장 슬롯', ':', '2개', '/']",['무선랜: 802.11ax(Wi-Fi 6E) /'],"['HDMI', '/', '웹캠(FHD)', '/']","['썬더볼트4', ':', '2개(USB-C겸용)', '/ USB-A: 2개 / MicroSD카드 /']","['얼굴 인식', '/', 'USB-PD', '/', 'DP Alt Mode', '/', 'MIL-STD', '/']","['키보드 라이트', '/', 'ㅗ형 방향키', '/', '숫자 키패드(3열)', '/']","['배터리', ':', '80Wh', '/', '어댑터', ':', '65W', '/', '충전단자', ':', '타입C', '/']","['두께', ':', '17.4mm', '/', '무게', ':', '1.14kg', '/ 색상: 화이트']"
56,에이서 프레데터 Helios 16 PH16-71 4070,"2,590,000",노트북,미포함(프리도스),"['40.8cm(16인치)', '/', '2560x1600(WQXGA)', '/', '500nit', '/', '주사율', ':', '240Hz', '/']","['인텔', '/', '코어i9-13세대', '/', 'i9-13900HX (2.2GHz)', '/ 24코어(8P+16E) /']","['DDR5', '/', '램 용량', ':', '16GB', '/', '4800MHz', '/ 램 교체: 가능 /']","['외장그래픽 /', 'RTX4070', '/', 'TGP', ':', '140W', '/', 'VRAM:8GB', '/', '논 옵티머스', '/']","['M.2(NVMe)', '/', '512GB', '/', '저장 슬롯', ':', '2개', '/']","['무선랜: 802.11ax(Wi-Fi 6E) / 유선랜:', '기가비트', '/']","['HDMI 2.1', '/', '웹캠(FHD)', '/']","['썬더볼트4', ':', '2개(USB-C겸용)', '/ USB-A: 3개 / MicroSD카드 /']","['USB-PD', '/']","['RGB 라이트', '/', 'ㅗ형 방향키', '/', '숫자 키패드(4열)', '/']","['배터리', ':', '90Wh', '/', '어댑터', ':', '330W', '/', '충전단자', ':', 'DC', '/']","['두께', ':', '26.9mm', '/', '무게', ':', '2.6kg', '/ 쿨링팬: 2개 / 색상: 블랙']"
57,MSI GE시리즈 Raider GE78 HX 13VH-i9 QHD W11,"4,398,990",노트북,윈도우11홈,"['43.1cm(17인치)', '/', '2560x1600(WQXGA)', '/', '400nit', '/', '주사율', ':', '240Hz', '/']","['인텔', '/', '코어i9-13세대', '/', 'i9-13950HX (2.2GHz)', '/ 24코어(8P+16E) /']","['DDR5', '/', '램 용량', ':', '32GB', '/ 램 교체: 가능 /']","['외장그래픽 /', 'RTX4080', '/', 'TGP', ':', '175W', '/', 'VRAM:12GB', '/', 'MUX 스위치', '/']","['M.2(NVMe)', '/', '1TB', '/', '저장 슬롯', ':', '2개', '/']","['무선랜: 802.11ax(Wi-Fi 6E) / 유선랜:', '기가비트', '/']","['HDMI', '/', '웹캠(FHD)', '/']","['썬더볼트4', ':', '1개(USB-C겸용)', '/ USB-C: 2개 / USB-A: 2개 / SD카드 /']","['얼굴 인식', '/ 웹캠OFF 지원 /', 'USB-PD', '/', 'DP Alt Mode', '/']","['RGB 라이트', '/', 'ㅗ형 방향키', '/', '숫자 키패드(3열)', '/']","['배터리', ':', '99.9Wh', '/', '어댑터', ':', '330W', '/', '충전단자', ':', '전용포트', '/']","['두께', ':', '23mm', '/', '무게', ':', '3.1kg', '/ 쿨링팬: 2개 / 색상: 블랙']"
58,한성컴퓨터 TFG5275,"1,158,000",노트북,미포함(프리도스),"['39.62cm(15.6인치)', '/', '1920x1080(FHD)', '/', '300nit', '/', '주사율', ':', '144Hz', '/']","['인텔', '/', '코어i7-12세대', '/', 'i7-12700H (2.3GHz)', '/ 14코어(6P+8E) /']","['DDR4', '/', '램 용량', ':', '16GB', '/', '3200MHz', '/ 램 교체: 가능 /']","['외장그래픽 /', 'RTX3050', '/', 'TGP', ':', '75W', '/', 'VRAM:4GB', '/']","['M.2(NVMe)', '/', '500GB', '/', '저장 슬롯', ':', '2개', '/']","['무선랜:', '802.11ax(Wi-Fi 6)', '/ 유선랜:', '기가비트', '/']","['HDMI 2.1', '/', 'mini DP', '/', '웹캠(HD)', '/']",['USB-C: 1개 / USB-A: 3개 /'],,"['RGB 라이트', '/', 'ㅗ형 방향키', '/', '숫자 키패드(4열)', '/']","['배터리', ':', '53.35Wh', '/', '어댑터', ':', '150W', '/', '충전단자', ':', 'DC', '/']","['두께', ':', '26mm', '/', '무게', ':', '2kg', '/ 색상: 블랙']"
59,삼성전자 갤럭시북3 프로360 NT960QFG-KC71G,"2,161,820",2 in 1,윈도우11홈,"['40.6cm(16인치)', '/', '2880x1800(WQXGA+)', '/', '400nit', '/', '주사율', ':', '120Hz', '/']","['인텔', '/', '코어i7-13세대', '/', 'i7-1360P (2.2GHz)', '/', '12코어(4P+8E)', '/']","['LPDDR5(온보드)', '/', '램 용량', ':', '16GB', '/ 램 교체: 불가능 /']",['내장그래픽 / Iris Xe /'],"['M.2(NVMe)', '/', '512GB', '/', '저장 슬롯', ':', '1개', '/']",['무선랜: 802.11ax(Wi-Fi 6E) /'],"['HDMI', '/', '웹캠(FHD)', '/']","['썬더볼트4', ':', '2개(USB-C겸용)', '/ USB-A: 1개 / MicroSD카드 /']","['지문인식(전원버튼) /', 'TPM', '/', '전용 펜 지원', '/ 전용 펜 포함 /', 'USB-PD', '/', 'DP Alt Mode', '/']","['키보드 라이트', '/', 'ㅗ형 방향키', '/', '숫자 키패드(3열)', '/']","['배터리', ':', '76Wh', '/', '어댑터', ':', '65W', '/', '충전단자', ':', '타입C', '/']","['두께', ':', '12.8mm', '/', '무게', ':', '1.66kg', '/ 색상: 그라파이트']"
60,Razer Blade 16 13Gen R4070 4K Dual,"4,890,000",노트북,윈도우11홈,"['40.8cm(16인치)', '/', '3840x2400(4K UHD)', '/', '1000nit', '/', '주사율', ':', '120Hz', '/']","['인텔', '/', '코어i9-13세대', '/', 'i9-13950HX (2.2GHz)', '/ 24코어(8P+16E) /']","['DDR5', '/', '램 용량', ':', '32GB', '/', '5600MHz', '/ 램 교체: 가능 /']","['외장그래픽 /', 'RTX4070', '/', 'TGP', ':', '140W', '/', 'VRAM:8GB', '/']","['M.2(NVMe)', '/', '1TB', '/', '저장 슬롯', ':', '2개', '/']",['무선랜: 802.11ax(Wi-Fi 6E) /'],"['HDMI 2.1', '/', '웹캠(FHD)', '/']","['썬더볼트4', ':', '1개(USB-C겸용)', '/ USB-C: 1개 / USB-A: 3개 / SD카드 /']","['얼굴 인식', '/', 'TPM', '/ 웹캠OFF 지원 /', 'USB-PD', '/']","['RGB 라이트', '/', 'ㅡ형 방향키', '/']","['배터리', ':', '95.2Wh', '/', '어댑터', ':', '280W', '/', '충전단자', ':', '전용포트', '/']","['두께', ':', '21.99mm', '/', '무게', ':', '2.45kg', '/ 쿨링팬: 2개 / 색상: 블랙 / *특이사항: 해상도,주사율 변경 가능 (FHD/240Hz)']"
61,MSI 프레스티지 15 A12UC,"1,490,000",노트북,미포함(프리도스),"['39.6cm(15.6인치)', '/', '1920x1080(FHD)', '/', '300nit', '/']","['인텔', '/', '코어i7-12세대', '/', 'i7-1280P (1.8GHz)', '/ 14코어(6P+8E) /']","['LPDDR4x(온보드) /', '램 용량', ':', '16GB', '/ 램 교체: 불가능 /']","['외장그래픽 /', 'RTX3050', '/', 'TGP', ':', '40W', '/', 'VRAM:4GB', '/']","['M.2(NVMe)', '/', '512GB', '/', '저장 슬롯', ':', '2개', '/']",['무선랜: 802.11ax(Wi-Fi 6E) /'],"['HDMI', '/', '웹캠(HD)', '/']","['썬더볼트4', ':', '2개(USB-C겸용)', '/ USB-A: 2개 / MicroSD카드 /']","['얼굴 인식', '/', '지문 인식', '/', 'USB-PD', '/', 'DP Alt Mode', '/']","['키보드 라이트', '/', 'ㅗ형 방향키', '/']","['배터리', ':', '82Wh', '/', '어댑터', ':', '100W', '/', '충전단자', ':', '타입C', '/']","['두께', ':', '18.9mm', '/', '무게', ':', '1.69kg', '/ 쿨링팬: 2개 / 색상: 그레이']"
62,MSI GF시리즈 Thin GF63 12VE-i5 16GB램,"1,018,950",노트북,미포함(프리도스),"['39.6cm(15.6인치)', '/', '1920x1080(FHD)', '/', '250nit', '/', '주사율', ':', '144Hz', '/']","['인텔', '/', '코어i5-12세대', '/', 'i5-12450H (2.0GHz)', '/', '옥타코어(4P+4E)', '/']","['DDR4', '/', '램 용량', ':', '16GB', '/', '3200MHz', '/ 램 교체: 가능 /']","['외장그래픽 /', 'RTX4050', '/', 'TGP', ':', '45W', '/', 'VRAM:6GB', '/']","['M.2(NVMe)', '/', '512GB', '/', '저장 슬롯', ':', '2개', '/']","['무선랜:', '802.11ax(Wi-Fi 6)', '/ 유선랜:', '기가비트', '/']","['HDMI', '/', '웹캠(HD)', '/']",['USB-C: 1개 / USB-A: 3개 /'],"['DP Alt Mode', '/']","['키보드 라이트', '/', 'ㅗ형 방향키', '/']","['배터리', ':', '52.4Wh', '/', '어댑터', ':', '120W', '/', '충전단자', ':', 'DC', '/']","['두께', ':', '21.7mm', '/', '무게', ':', '1.77kg', '/ 색상: 블랙']"
63,MSI 브라보 15 B5ED-R7 32GB램,"1,061,050",노트북,미포함(프리도스),"['39.6cm(15.6인치)', '/', '1920x1080(FHD)', '/', '250nit', '/', '주사율', ':', '144Hz', '/']","['AMD', '/', '라이젠7-4세대', '/', '5800H (3.2GHz)', '/', '옥타(8)코어', '/']","['DDR4', '/', '램 용량', ':', '32GB', '/', '3200MHz', '/ 램 교체: 가능 /']","['외장그래픽 /', '라데온 RX 6500M', '/', 'VRAM:4GB', '/']","['M.2(NVMe)', '/', '512GB', '/']","['무선랜: 802.11ax(Wi-Fi 6E) / 유선랜:', '기가비트', '/']","['HDMI', '/', '웹캠(HD)', '/']",['USB-C: 1개 / USB-A: 3개 /'],,"['키보드 라이트', '/', 'ㅗ형 방향키', '/', '숫자 키패드(3열)', '/']","['배터리', ':', '53.5Wh', '/', '어댑터', ':', '150W', '/', '충전단자', ':', 'DC', '/']","['두께', ':', '24.95mm', '/', '무게', ':', '2.35kg', '/ 쿨링팬: 2개 / 색상: 블랙']"
64,Razer Blade Pro 17 12Gen R3060 QHD,"2,773,480",노트북,윈도우11홈,"['43.94cm(17.3인치)', '/', '2560x1440(QHD)', '/', '300nit', '/', '주사율', ':', '165Hz', '/']","['인텔', '/', '코어i7-12세대', '/', 'i7-12800H (2.4GHz)', '/ 14코어(6P+8E) /']","['DDR5', '/', '램 용량', ':', '16GB', '/', '4800MHz', '/ 램 교체: 가능 /']","['외장그래픽 /', 'RTX3060', '/', 'TGP', ':', '130W', '/', 'VRAM:6GB', '/']","['M.2(NVMe)', '/', '1TB', '/', '저장 슬롯', ':', '2개', '/']","['무선랜: 802.11ax(Wi-Fi 6E) / 유선랜:', '기가비트', '/']","['HDMI 2.1', '/', '웹캠(FHD)', '/']","['썬더볼트4', ':', '2개(USB-C겸용)', '/ USB-A: 3개 / SD카드 /']","['얼굴 인식', '/', 'TPM', '/', 'USB-PD', '/', 'DP Alt Mode', '/']","['ㅡ형 방향키', '/']","['배터리', ':', '82Wh', '/', '어댑터', ':', '280W', '/', '충전단자', ':', '전용포트', '/']","['두께', ':', '19.9mm', '/', '무게', ':', '2.75kg', '/ 쿨링팬: 2개 / 색상: 블랙']"
65,MSI GP시리즈 Vector GP66 12UEO QHD OLED,"1,290,000",노트북,미포함(프리도스),"['39.6cm(15.6인치)', '/', '2560x1440(QHD)', '/', '400nit', '/', '주사율', ':', '240Hz', '/']","['인텔', '/', '코어i7-12세대', '/', 'i7-12650H (2.3GHz)', '/', '10코어(6P+4E)', '/']","['DDR5', '/', '램 용량', ':', '8GB', '/', '4800MHz', '/ 램 교체: 가능 /']","['외장그래픽 /', 'RTX3060', '/', 'TGP', ':', '140W', '/', 'VRAM:6GB', '/', '논 옵티머스', '/']","['M.2(NVMe)', '/', '512GB', '/', '저장 슬롯', ':', '2개', '/']","['무선랜: 802.11ax(Wi-Fi 6E) / 유선랜:', '기가비트', '/']","['HDMI', '/', 'mini DP', '/', '웹캠(HD)', '/']",['USB-C: 1개 / USB-A: 3개 /'],"['DP Alt Mode', '/']","['RGB 라이트', '/', 'ㅗ형 방향키', '/']","['배터리', ':', '65Wh', '/', '어댑터', ':', '240W', '/', '충전단자', ':', 'DC', '/']","['두께', ':', '23.4mm', '/', '무게', ':', '2.38kg', '/ 쿨링팬: 2개 / 색상: 블랙']"
66,MSI GF시리즈 Sword GF76 B13VEK WIN11 32GB램,"1,774,710",노트북,윈도우11(설치),"['43.9cm(17.3인치)', '/', '1920x1080(FHD)', '/', '250nit', '/', '주사율', ':', '144Hz', '/']","['인텔', '/', '코어i7-13세대', '/', 'i7-13620H (2.4GHz)', '/', '10코어(6P+4E)', '/']","['DDR5', '/', '램 용량', ':', '32GB', '/ 램 교체: 가능 /']","['외장그래픽 /', 'RTX4050', '/', 'TGP', ':', '105W', '/', 'VRAM:6GB', '/', 'MUX 스위치', '/']","['M.2(NVMe)', '/', '512GB', '/', '저장 슬롯', ':', '2개', '/']","['무선랜:', '802.11ax(Wi-Fi 6)', '/ 유선랜:', '기가비트', '/']","['HDMI', '/', '웹캠(HD)', '/']",['USB-C: 1개 / USB-A: 3개 /'],"['DP Alt Mode', '/']","['RGB 라이트', '/', 'ㅗ형 방향키', '/', '숫자 키패드(3열)', '/']","['배터리', ':', '53.5Wh', '/', '충전단자', ':', 'DC', '/']","['두께', ':', '25.2mm', '/', '무게', ':', '2.6kg', '/ 쿨링팬: 2개 / 색상: 블랙']"
67,ASUS ROG STRIX G16 G614JV-N4038,"2,152,220",노트북,미포함(프리도스),"['40.8cm(16인치)', '/', '2560x1600(WQXGA)', '/', '500nit', '/', '주사율', ':', '240Hz', '/']","['인텔', '/', '코어i7-13세대', '/', 'i7-13650HX (2.6GHz)', '/ 14코어(6P+8E) /']","['DDR5', '/', '램 용량', ':', '16GB', '/', '4800MHz', '/ 램 교체: 가능 /']","['외장그래픽 /', 'RTX4060', '/', 'TGP', ':', '140W', '/', 'VRAM:8GB', '/', 'MUX 스위치', '/']","['M.2(NVMe)', '/', '512GB', '/', '저장 슬롯', ':', '2개', '/']","['무선랜: 802.11ax(Wi-Fi 6E) / 유선랜:', '기가비트', '/']","['HDMI 2.1', '/', '웹캠(HD)', '/']","['썬더볼트4', ':', '1개(USB-C겸용)', '/ USB-C: 1개 / USB-A: 2개 /']","['TPM', '/', '고속충전', '/', 'USB-PD', '/', 'DP Alt Mode', '/']","['RGB 라이트', '/', 'ㅗ형 방향키', '/']","['배터리', ':', '90Wh', '/', '어댑터', ':', '280W', '/', '충전단자', ':', 'DC', '/']","['두께', ':', '30.4mm', '/', '무게', ':', '2.5kg', '/ 쿨링팬: 3개 / 색상: 그레이']"
68,LG전자 2022 그램16(12세대) 16ZD90Q-EX56K WIN10,"1,408,530",노트북,윈도우10,"['40.6cm(16인치)', '/', '2560x1600(WQXGA)', '/', '350nit', '/']","['인텔', '/', '코어i5-12세대', '/', 'i5-1240P (1.7GHz)', '/', '12코어(4P+8E)', '/']","['LPDDR5(온보드)', '/', '램 용량', ':', '16GB', '/', '5200MHz', '/ 램 교체: 불가능 /']","['외장그래픽 /', 'RTX2050', '/', 'VRAM:4GB', '/']","['M.2(NVMe)', '/', '256GB', '/', '저장 슬롯', ':', '2개', '/']",['무선랜: 802.11ax(Wi-Fi 6E) /'],"['HDMI', '/', '웹캠(FHD)', '/']","['썬더볼트4', ':', '2개(USB-C겸용)', '/ USB-A: 2개 / MicroSD카드 /']","['얼굴 인식', '/', 'USB-PD', '/', 'MIL-STD', '/']","['키보드 라이트', '/', 'ㅗ형 방향키', '/', '숫자 키패드(3열)', '/']","['배터리', ':', '90Wh', '/', '어댑터', ':', '65W', '/', '충전단자', ':', '타입C', '/']","['두께', ':', '16.8mm', '/', '무게', ':', '1.285kg', '/ 색상: 화이트']"
69,한성컴퓨터 올데이롱 TFX6270H,"1,275,000",노트북,미포함(프리도스),"['40.64cm(16인치)', '/', '2560x1600(WQXGA)', '/', '300nit', '/', '주사율', ':', '90Hz', '/']","['인텔', '/', '코어i7-12세대', '/', 'i7-12700H (2.3GHz)', '/ 14코어(6P+8E) /']","['DDR4', '/', '램 용량', ':', '16GB', '/', '3200MHz', '/ 램 교체: 가능 /']",['내장그래픽 / Iris Xe /'],"['M.2(NVMe)', '/', '500GB', '/', '저장 슬롯', ':', '2개', '/']","['무선랜:', '802.11ax(Wi-Fi 6)', '/']","['HDMI 2.0', '/', '웹캠(HD)', '/']","['썬더볼트4', ':', '1개(USB-C겸용)', '/ USB-C: 1개 / USB-A: 2개 / SD카드 /']","['얼굴 인식', '/', 'USB-PD', '/', 'DP Alt Mode', '/']","['키보드 라이트', '/', 'ㅗ형 방향키', '/', '숫자 키패드(3열)', '/']","['배터리', ':', '82.04Wh', '/', '어댑터', ':', '90W', '/', '충전단자', ':', 'DC', '/']","['두께', ':', '19mm', '/', '무게', ':', '1.46kg', '/ 쿨링팬: 2개 / 색상: 블랙']"
70,레노버 요가 Slim7 Pro 14IAP7 82SV0058KR,"1,289,000",노트북,미포함(프리도스),"['35.56cm(14인치)', '/', '2880x1800(WQXGA+)', '/', '400nit', '/', '주사율', ':', '90Hz', '/']","['인텔', '/', '코어i5-12세대', '/', 'i5-1240P (1.7GHz)', '/', '12코어(4P+8E)', '/']","['LPDDR5(온보드)', '/', '램 용량', ':', '16GB', '/', '4800MHz', '/ 램 교체: 불가능 /']",['내장그래픽 / Iris Xe /'],"['M.2(NVMe)', '/', '512GB', '/', '저장 슬롯', ':', '1개', '/']",['무선랜: 802.11ax(Wi-Fi 6E) /'],"['웹캠(FHD)', '/']","['썬더볼트4', ':', '2개(USB-C겸용)', '/ USB-A: 1개 /']","['얼굴 인식', '/ 웹캠OFF 지원 /', '고속충전', '/', 'USB-PD', '/', 'DP Alt Mode', '/']","['키보드 라이트', '/', 'ㅡ형 방향키', '/']","['배터리', ':', '61Wh', '/', '충전단자', ':', '타입C', '/']","['두께', ':', '14.6mm', '/', '무게', ':', '1.32kg', '/ 색상: 그레이']"
71,MSI 모던시리즈 모던 15 B13M-i5 WIN11,"910,000",노트북,윈도우11(설치),"['39.6cm(15.6인치)', '/', '1920x1080(FHD)', '/', '250nit', '/']","['인텔', '/', '코어i5-13세대', '/', 'i5-1335U (1.3GHz)', '/', '10코어(2P+8E)', '/']","['DDR4(온보드)', '/', '램 용량', ':', '8GB', '/', '3200MHz', '/ 램 교체: 불가능 /']",['내장그래픽 / Iris Xe /'],"['M.2(NVMe)', '/', '512GB', '/']","['무선랜:', '802.11ax(Wi-Fi 6)', '/']","['HDMI', '/', '웹캠(HD)', '/']",['USB-C: 1개 / USB-A: 3개 / MicroSD카드 /'],"['USB-PD', '/', 'DP Alt Mode', '/ 리프트 힌지 /']","['키보드 라이트', '/', 'ㅗ형 방향키', '/', '숫자 키패드(3열)', '/']","['배터리', ':', '39.3Wh', '/', '어댑터', ':', '65W', '/', '충전단자', ':', 'DC', '/']","['두께', ':', '19.9mm', '/', '무게', ':', '1.7kg', '/ 색상: 블랙']"
72,ASUS ROG Flow X13 GV302XI-MU002W,"3,120,000",2 in 1,윈도우11홈,"['34.03cm(13.4인치)', '/', '2560x1600(WQXGA)', '/', '500nit', '/', '주사율', ':', '165Hz', '/']","['AMD', '/', '라이젠9(Zen4)', '/', '7940HS (4.0Hz)', '/', '옥타(8)코어', '/']","['LPDDR5(온보드)', '/', '램 용량', ':', '32GB', '/ 램 교체: 불가능 /']","['외장그래픽 /', 'RTX4070', '/', 'TGP', ':', '60W', '/', 'VRAM:8GB', '/', 'MUX 스위치', '/']","['M.2(NVMe)', '/', '1TB', '/', '저장 슬롯', ':', '1개', '/']",['무선랜: 802.11ax(Wi-Fi 6E) /'],"['HDMI 2.1', '/', '웹캠(FHD)', '/']",['USB-C: 2개 / USB-A: 1개 / MicroSD카드 /'],"['얼굴 인식', '/', 'TPM', '/', '고속충전', '/', '전용 펜 지원', '/ 전용 펜 포함 /', 'USB-PD', '/', 'DP Alt Mode', '/']","['키보드 라이트', '/', 'ㅗ형 방향키', '/']","['배터리', ':', '75Wh', '/', '어댑터', ':', '130W', '/', '충전단자', ':', '타입C', '/']","['두께', ':', '18.7mm', '/', '무게', ':', '1.3kg', '/ 쿨링팬: 2개 / 색상: 블랙']"
73,MSI GE시리즈 Raider GE78 HX 13VG-i9 QHD,"3,098,990",노트북,미포함(프리도스),"['43.1cm(17인치)', '/', '2560x1600(WQXGA)', '/', '400nit', '/', '주사율', ':', '240Hz', '/']","['인텔', '/', '코어i9-13세대', '/', 'i9-13950HX (2.2GHz)', '/ 24코어(8P+16E) /']","['DDR5', '/', '램 용량', ':', '16GB', '/ 램 교체: 가능 /']","['외장그래픽 /', 'RTX4070', '/', 'TGP', ':', '140W', '/', 'VRAM:8GB', '/', 'MUX 스위치', '/']","['M.2(NVMe)', '/', '1TB', '/', '저장 슬롯', ':', '2개', '/']","['무선랜: 802.11ax(Wi-Fi 6E) / 유선랜:', '기가비트', '/']","['HDMI', '/', '웹캠(FHD)', '/']","['썬더볼트4', ':', '1개(USB-C겸용)', '/ USB-C: 2개 / USB-A: 2개 / SD카드 /']","['얼굴 인식', '/ 웹캠OFF 지원 /', 'USB-PD', '/', 'DP Alt Mode', '/']","['RGB 라이트', '/', 'ㅗ형 방향키', '/', '숫자 키패드(3열)', '/']","['배터리', ':', '99.9Wh', '/', '어댑터', ':', '280W', '/', '충전단자', ':', '전용포트', '/']","['두께', ':', '23mm', '/', '무게', ':', '3.1kg', '/ 쿨링팬: 2개 / 색상: 블랙']"
74,MSI GP시리즈 Vector GP76 12UGS QHD,"2,640,000",노트북,미포함(프리도스),"['43.9cm(17.3인치)', '/', '2560x1440(QHD)', '/', '500nit', '/', '주사율', ':', '240Hz', '/']","['인텔', '/', '코어i7-12세대', '/', 'i7-12700H (2.3GHz)', '/ 14코어(6P+8E) /']","['DDR4', '/', '램 용량', ':', '16GB', '/', '3200MHz', '/ 램 교체: 가능 /']","['외장그래픽 /', 'RTX3070 Ti', '/', 'TGP', ':', '150W', '/', 'VRAM:8GB', '/', '논 옵티머스', '/']","['M.2(NVMe)', '/', '1TB', '/', '저장 슬롯', ':', '2개', '/']","['무선랜: 802.11ax(Wi-Fi 6E) / 유선랜:', '기가비트', '/']","['HDMI', '/', 'mini DP', '/', '웹캠(HD)', '/']",['USB-C: 1개 / USB-A: 3개 /'],"['DP Alt Mode', '/']","['RGB 라이트', '/', 'ㅗ형 방향키', '/', '숫자 키패드(4열)', '/']","['배터리', ':', '65Wh', '/', '어댑터', ':', '280W', '/', '충전단자', ':', 'DC', '/']","['두께', ':', '25.9mm', '/', '무게', ':', '2.9kg', '/ 색상: 블랙']"
75,ASUS 젠북 14X OLED UX3404VA-M9093,"1,420,500",노트북,미포함(프리도스),"['36.8cm(14.5인치)', '/', '2880x1800(WQXGA+)', '/', '600nit', '/', '주사율', ':', '120Hz', '/']","['인텔', '/', '코어i5-13세대', '/', 'i5-13500H (2.6GHz)', '/', '12코어(4P+8E)', '/']","['LPDDR5(온보드)', '/', '램 용량', ':', '16GB', '/ 램 교체: 불가능 /']",['내장그래픽 / Iris Xe /'],"['M.2(NVMe)', '/', '512GB', '/']",['무선랜: 802.11ax(Wi-Fi 6E) /'],"['HDMI 2.1', '/', '웹캠(FHD)', '/']","['썬더볼트4', ':', '2개(USB-C겸용)', '/ USB-A: 1개 /']","['얼굴 인식', '/', '고속충전', '/', 'USB-PD', '/', 'DP Alt Mode', '/', 'MIL-STD', '/']","['키보드 라이트', '/', 'ㅗ형 방향키', '/']","['배터리', ':', '70Wh', '/', '어댑터', ':', '90W', '/', '충전단자', ':', '타입C', '/']","['두께', ':', '16.9mm', '/', '무게', ':', '1.56kg', '/ 쿨링팬: 1개 / 색상: 베이지']"
76,MSI GF시리즈 Sword GF76 A11UC 블랙,"1,174,050",노트북,미포함(프리도스),"['43.94cm(17.3인치)', '/', '1920x1080(FHD)', '/', '250nit', '/', '주사율', ':', '144Hz', '/']","['인텔', '/', '코어i7-11세대', '/', 'i7-11800H (2.3GHz)', '/', '옥타(8)코어', '/']","['DDR4', '/', '램 용량', ':', '8GB', '/', '3200MHz', '/ 램 교체: 가능 /']","['외장그래픽 /', 'RTX3050', '/', 'TGP', ':', '60W', '/', 'VRAM:4GB', '/']","['M.2(NVMe)', '/', '512GB', '/']","['무선랜:', '802.11ax(Wi-Fi 6)', '/ 유선랜:', '기가비트', '/']","['HDMI', '/', '웹캠(HD)', '/']",['USB-C: 1개 / USB-A: 3개 /'],,"['키보드 라이트', '/', 'ㅗ형 방향키', '/', '숫자 키패드(3열)', '/']","['배터리', ':', '53.5Wh', '/', '어댑터', ':', '150W', '/', '충전단자', ':', 'DC', '/']","['두께', ':', '25.2mm', '/', '무게', ':', '2.6kg', '/ 색상: 블랙']"
77,에이서 니트로 5 AN515-58-95P5,"1,840,000",노트북,윈도우11홈,"['39.62cm(15.6인치)', '/', '2560x1440(QHD)', '/', '300nit', '/', '주사율', ':', '165Hz', '/']","['인텔', '/', '코어i9-12세대', '/', 'i9-12900H (2.5GHz)', '/ 14코어(6P+8E) /']","['DDR5', '/', '램 용량', ':', '16GB', '/', '4800MHz', '/ 램 교체: 가능 /']","['외장그래픽 /', 'RTX3060', '/', 'TGP', ':', '140W', '/', 'VRAM:6GB', '/']","['M.2(NVMe)', '/', '512GB', '/', '저장 슬롯', ':', '3개', '/']","['무선랜:', '802.11ax(Wi-Fi 6)', '/ 유선랜:', '기가비트', '/']","['HDMI 2.1', '/', '웹캠(HD)', '/']","['썬더볼트4', ':', '1개(USB-C겸용)', '/ USB-A: 3개 /']","['USB-PD', '/']","['RGB 라이트', '/', 'ㅗ형 방향키', '/', '숫자 키패드(4열)', '/']","['배터리', ':', '57.5Wh', '/', '어댑터', ':', '230W', '/', '충전단자', ':', 'DC', '/']","['두께', ':', '26.9mm', '/', '무게', ':', '2.5kg', '/ 쿨링팬: 2개 / 색상: 블랙']"
78,MSI GP시리즈 Vector GP77 13VG-i9 QHD WIN11 64GB램,"2,965,010",노트북,윈도우11(설치),"['43.9cm(17.3인치)', '/', '2560x1440(QHD)', '/', '500nit', '/', '주사율', ':', '240Hz', '/']","['인텔', '/', '코어i9-13세대', '/', 'i9-13900H (2.6GHz)', '/ 14코어(6P+8E) /']","['DDR5', '/', '램 용량', ':', '64GB', '/ 램 교체: 가능 /']","['외장그래픽 /', 'RTX4070', '/', 'TGP', ':', '140W', '/', 'VRAM:8GB', '/', 'MUX 스위치', '/']","['M.2(NVMe)', '/', '1TB', '/', '저장 슬롯', ':', '2개', '/']","['무선랜: 802.11ax(Wi-Fi 6E) / 유선랜:', '기가비트', '/']","['HDMI', '/', 'mini DP', '/', '웹캠(HD)', '/']",['USB-C: 1개 / USB-A: 3개 /'],"['USB-PD', '/', 'DP Alt Mode', '/']","['RGB 라이트', '/', 'ㅗ형 방향키', '/', '숫자 키패드(4열)', '/']","['배터리', ':', '65Wh', '/', '어댑터', ':', '240W', '/', '충전단자', ':', '전용포트', '/']","['두께', ':', '25.9mm', '/', '무게', ':', '2.8kg', '/ 쿨링팬: 2개 / 색상: 블랙']"
79,MSI 크리에이터 Z17 A12UGST W11,"2,842,760",노트북,윈도우11프로,"['43.18cm(17인치)', '/', '2560x1600(WQXGA)', '/', '400nit', '/', '주사율', ':', '165Hz', '/']","['인텔', '/', '코어i7-12세대', '/', 'i7-12700H (2.3GHz)', '/ 14코어(6P+8E) /']","['DDR5', '/', '램 용량', ':', '32GB', '/', '4800MHz', '/ 램 교체: 가능 /']","['외장그래픽 /', 'RTX3070 Ti', '/', 'TGP', ':', '90W', '/', 'VRAM:8GB', '/']","['M.2(NVMe)', '/', '1TB', '/', '저장 슬롯', ':', '2개', '/']",['무선랜: 802.11ax(Wi-Fi 6E) /'],"['HDMI', '/', '웹캠(FHD)', '/']","['썬더볼트4', ':', '2개(USB-C겸용)', '/ USB-A: 1개 / SD카드 /']","['얼굴 인식', '/', '지문 인식', '/', 'TPM', '/', '전용 펜 지원', '/', 'USB-PD', '/', 'DP Alt Mode', '/']","['RGB 라이트', '/', 'ㅗ형 방향키', '/']","['배터리', ':', '90Wh', '/', '어댑터', ':', '240W', '/', '충전단자', ':', '전용포트', '/']","['두께', ':', '19mm', '/', '무게', ':', '2.49kg', '/ 색상: 그레이']"
80,HP 빅터스 15-fa0051TX,"863,000",노트북,미포함(프리도스),"['39.6cm(15.6인치)', '/', '1920x1080(FHD)', '/', '250nit', '/', '주사율', ':', '144Hz', '/']","['인텔', '/', '코어i5-12세대', '/', 'i5-12450H (2.0GHz)', '/', '옥타코어(4P+4E)', '/']","['DDR4', '/', '램 용량', ':', '8GB', '/', '3200MHz', '/ 램 교체: 가능 /']","['외장그래픽 /', 'RTX3050', '/', 'VRAM:4GB', '/']","['M.2(NVMe)', '/', '256GB', '/']","['무선랜:', '802.11ax(Wi-Fi 6)', '/ 유선랜:', '기가비트', '/']","['HDMI 2.1', '/', '웹캠(HD)', '/']",['USB-C: 1개 / USB-A: 2개 / SD카드 /'],"['고속충전', '/', 'DP Alt Mode', '/']","['키보드 라이트', '/', 'ㅗ형 방향키', '/', '숫자 키패드(4열)', '/']","['배터리', ':', '70Wh', '/', '어댑터', ':', '200W', '/', '충전단자', ':', 'DC', '/']","['두께', ':', '23.5mm', '/', '무게', ':', '2.29kg', '/ 쿨링팬: 2개 / 색상: 블랙']"
81,MSI GF시리즈 Thin GF63 12VE-i5 WIN11 32GB램,"1,118,740",노트북,윈도우11(설치),"['39.6cm(15.6인치)', '/', '1920x1080(FHD)', '/', '250nit', '/', '주사율', ':', '144Hz', '/']","['인텔', '/', '코어i5-12세대', '/', 'i5-12450H (2.0GHz)', '/', '옥타코어(4P+4E)', '/']","['DDR4', '/', '램 용량', ':', '32GB', '/', '3200MHz', '/ 램 교체: 가능 /']","['외장그래픽 /', 'RTX4050', '/', 'TGP', ':', '45W', '/', 'VRAM:6GB', '/']","['M.2(NVMe)', '/', '512GB', '/', '저장 슬롯', ':', '2개', '/']","['무선랜:', '802.11ax(Wi-Fi 6)', '/ 유선랜:', '기가비트', '/']","['HDMI', '/', '웹캠(HD)', '/']",['USB-C: 1개 / USB-A: 3개 /'],"['DP Alt Mode', '/']","['키보드 라이트', '/', 'ㅗ형 방향키', '/']","['배터리', ':', '52.4Wh', '/', '어댑터', ':', '120W', '/', '충전단자', ':', 'DC', '/']","['두께', ':', '21.7mm', '/', '무게', ':', '1.77kg', '/ 색상: 블랙']"
82,레노버 요가 Slim7 Carbon 14ACN6 82L0004YKR,"1,240,000",노트북,미포함(프리도스),"['35.56cm(14인치)', '/', '2880x1800(WQXGA+)', '/', '600nit', '/', '주사율', ':', '90Hz', '/']","['AMD', '/', '라이젠7-4세대', '/', '5800U (1.9GHz)', '/', '옥타(8)코어', '/']","['LPDDR4x(온보드) /', '램 용량', ':', '16GB', '/', '4266MHz', '/ 램 교체: 불가능 /']","['외장그래픽 /', 'MX450', '/', 'VRAM:2GB', '/']","['M.2(NVMe)', '/', '1TB', '/', '저장 슬롯', ':', '1개', '/']","['무선랜:', '802.11ax(Wi-Fi 6)', '/']","['웹캠(HD)', '/']",['USB-C: 3개 /'],"['얼굴 인식', '/ 웹캠OFF 지원 /', '고속충전', '/', 'USB-PD', '/', 'DP Alt Mode', '/', 'MIL-STD', '/']","['키보드 라이트', '/', 'ㅡ형 방향키', '/']","['배터리', ':', '61Wh', '/', '충전단자', ':', '타입C', '/']","['두께', ':', '14.9mm', '/', '무게', ':', '1.09kg', '/ 색상: 그레이']"
83,레노버 요가 Slim7 Carbon13ITL5 82EV0049KR,"1,349,000",노트북,윈도우10,"['33.7cm(13인치)', '/', '2560x1600(WQXGA)', '/', '300nit', '/']","['인텔', '/', '코어i7-11세대', '/', 'i7-1165G7 (2.8GHz)', '/', '쿼드(4)코어', '/']","['LPDDR4x(온보드) /', '램 용량', ':', '16GB', '/', '4266MHz', '/ 램 교체: 불가능 /']",['내장그래픽 / Iris Xe /'],"['M.2(NVMe)', '/', '1TB', '/']","['무선랜:', '802.11ax(Wi-Fi 6)', '/']","['웹캠', '/']","['썬더볼트4', ':', '2개(USB-C겸용)', '/']","['얼굴 인식', '/', '고속충전', '/', 'USB-PD', '/', 'MIL-STD', '/']","['키보드 라이트', '/', 'ㅡ형 방향키', '/']","['배터리', ':', '50Wh', '/', '충전단자', ':', '타입C', '/']","['두께', ':', '15mm', '/', '무게', ':', '970g', '/ 색상: 화이트']"
84,HP 오멘 17-ck1037TX,"2,598,990",노트북,윈도우11홈,"['43.9cm(17.3인치)', '/', '2560x1440(QHD)', '/', '300nit', '/', '주사율', ':', '165Hz', '/']","['인텔', '/', '코어i7-12세대', '/ i7-12800HX (2.0GHz) / 16코어(8P+8E) /']","['DDR5', '/', '램 용량', ':', '32GB', '/', '4800MHz', '/ 램 교체: 가능 /']","['외장그래픽 /', 'RTX3080 Ti', '/', 'VRAM:16GB', '/']","['M.2(NVMe)', '/', '1TB', '/']","['무선랜: 802.11ax(Wi-Fi 6E) / 유선랜:', '기가비트', '/']","['HDMI 2.1', '/', 'mini DP', '/']","['썬더볼트4', ':', '1개(USB-C겸용)', '/ USB-A: 3개 / SD카드 /']","['DP Alt Mode', '/']","['기계식 키보드', '/', 'RGB 라이트', '/', 'ㅗ형 방향키', '/', '표준 텐키리스', '/']","['배터리', ':', '83Wh', '/', '어댑터', ':', '330W', '/', '충전단자', ':', 'DC', '/']","['두께', ':', '27mm', '/', '무게', ':', '2.78kg', '/ 쿨링팬: 2개 / 색상: 블랙']"
85,에이서 니트로 5 AN515-58-94SX,"2,490,000",노트북,미포함(프리도스),"['39.62cm(15.6인치)', '/', '2560x1440(QHD)', '/', '300nit', '/', '주사율', ':', '165Hz', '/']","['인텔', '/', '코어i9-12세대', '/', 'i9-12900H (2.5GHz)', '/ 14코어(6P+8E) /']","['DDR5', '/', '램 용량', ':', '16GB', '/', '4800MHz', '/ 램 교체: 가능 /']","['외장그래픽 /', 'RTX3060', '/', 'TGP', ':', '140W', '/', 'VRAM:6GB', '/']","['M.2(NVMe)', '/', '512GB', '/', '저장 슬롯', ':', '3개', '/']","['무선랜:', '802.11ax(Wi-Fi 6)', '/ 유선랜:', '기가비트', '/']","['HDMI 2.1', '/', '웹캠(HD)', '/']","['썬더볼트4', ':', '1개(USB-C겸용)', '/ USB-A: 3개 /']","['USB-PD', '/']","['RGB 라이트', '/', 'ㅗ형 방향키', '/', '숫자 키패드(4열)', '/']","['배터리', ':', '57.5Wh', '/', '어댑터', ':', '230W', '/', '충전단자', ':', 'DC', '/']","['두께', ':', '26.9mm', '/', '무게', ':', '2.5kg', '/ 쿨링팬: 2개 / 색상: 블랙']"
86,MSI GF시리즈 Thin GF63 12VE-i5 WIN11 16GB램,"1,089,420",노트북,윈도우11(설치),"['39.6cm(15.6인치)', '/', '1920x1080(FHD)', '/', '250nit', '/', '주사율', ':', '144Hz', '/']","['인텔', '/', '코어i5-12세대', '/', 'i5-12450H (2.0GHz)', '/', '옥타코어(4P+4E)', '/']","['DDR4', '/', '램 용량', ':', '16GB', '/', '3200MHz', '/ 램 교체: 가능 /']","['외장그래픽 /', 'RTX4050', '/', 'TGP', ':', '45W', '/', 'VRAM:6GB', '/']","['M.2(NVMe)', '/', '512GB', '/', '저장 슬롯', ':', '2개', '/']","['무선랜:', '802.11ax(Wi-Fi 6)', '/ 유선랜:', '기가비트', '/']","['HDMI', '/', '웹캠(HD)', '/']",['USB-C: 1개 / USB-A: 3개 /'],"['DP Alt Mode', '/']","['키보드 라이트', '/', 'ㅗ형 방향키', '/']","['배터리', ':', '52.4Wh', '/', '어댑터', ':', '120W', '/', '충전단자', ':', 'DC', '/']","['두께', ':', '21.7mm', '/', '무게', ':', '1.77kg', '/ 색상: 블랙']"
87,Razer Blade 18 13Gen R4090 QHD,"6,590,000",노트북,윈도우11홈,"['45.72cm(18인치)', '/', '2560x1600(WQXGA)', '/', '500nit', '/', '주사율', ':', '240Hz', '/']","['인텔', '/', '코어i9-13세대', '/', 'i9-13950HX (2.2GHz)', '/ 24코어(8P+16E) /']","['DDR5', '/', '램 용량', ':', '32GB', '/', '5600MHz', '/ 램 교체: 가능 /']","['외장그래픽 /', 'RTX4090', '/', 'TGP', ':', '175W', '/', 'VRAM:16GB', '/']","['M.2(NVMe)', '/', '2TB', '/', '저장 슬롯', ':', '2개', '/']",['무선랜: 802.11ax(Wi-Fi 6E) / 유선랜: 2.5기가비트 /'],"['HDMI 2.1', '/', '웹캠(FHD)', '/']","['썬더볼트4', ':', '1개(USB-C겸용)', '/ USB-C: 1개 / USB-A: 3개 / SD카드 /']","['얼굴 인식', '/', 'TPM', '/', 'USB-PD', '/']","['RGB 라이트', '/', 'ㅡ형 방향키', '/']","['배터리', ':', '91.7Wh', '/', '어댑터', ':', '330W', '/', '충전단자', ':', '전용포트', '/']","['두께', ':', '21.99mm', '/', '무게', ':', '3.2kg', '/ 쿨링팬: 3개 / 색상: 블랙']"
88,APPLE 2023 맥북프로16 MNW83KH/A,"3,122,990",노트북,macOS Ventura,"['41.0cm(16.2인치)', '/', '3456x2234', '/', '1000nit', '/', '주사율', ':', '120Hz', '/']","['애플(ARM) / 실리콘 M2 Pro /', '12코어', '/']","['램 용량', ':', '16GB', '/ 램 교체: 불가능 /']",['내장그래픽 / M2 Pro 19core /'],"['SSD', '/', '512GB', '/']",['무선랜: 802.11ax(Wi-Fi 6E) /'],"['HDMI', '/', '웹캠(FHD)', '/']","['썬더볼트4', ':', '3개(USB-C겸용)', '/ SD카드 /']","['지문 인식', '/', '고속충전', '/', 'USB-PD', '/', 'DP Alt Mode', '/']","['키보드 라이트', '/', 'ㅗ형 방향키', '/']","['배터리', ':', '100Wh', '/', '어댑터', ':', '140W', '/', '충전단자', ':', 'MagSafe 3', '/']","['두께', ':', '16.8mm', '/', '무게', ':', '2.15kg', '/ 색상: 그레이 / 16코어 Neural Engine / 최대 200GB/s 메모리 대역폭 / 미디어 엔진 (디코딩+인코딩+ProRes) / 노치형 디스플레이']"
89,Razer Blade 14 R9 Zen4 R3070Ti QHD Mercury,"2,989,990",노트북,윈도우11홈,"['35.56cm(14인치)', '/', '2560x1440(QHD)', '/', '주사율', ':', '165Hz', '/']","['AMD', '/', '라이젠9-5세대', '/', '6900HX (3.3GHz)', '/', '옥타(8)코어', '/']","['DDR5(온보드)', '/', '램 용량', ':', '16GB', '/', '4800MHz', '/ 램 교체: 불가능 /']","['외장그래픽 /', 'RTX3070 Ti', '/', 'TGP', ':', '100W', '/', 'VRAM:8GB', '/']","['M.2(NVMe)', '/', '1TB', '/']",['무선랜: 802.11ax(Wi-Fi 6E) /'],"['HDMI 2.1', '/', '웹캠(FHD)', '/']",['USB-C: 2개 / USB-A: 2개 /'],"['얼굴 인식', '/', 'TPM', '/', 'USB-PD', '/', 'DP Alt Mode', '/']","['RGB 라이트', '/', 'ㅡ형 방향키', '/']","['배터리', ':', '61.6Wh', '/', '어댑터', ':', '230W', '/', '충전단자', ':', '전용포트', '/']","['두께', ':', '16.8mm', '/', '무게', ':', '1.78kg', '/ 쿨링팬: 2개 / 색상: 화이트']"
90,MSI GF시리즈 Sword GF76 A12UE,"1,690,000",노트북,미포함(프리도스),"['43.9cm(17.3인치)', '/', '1920x1080(FHD)', '/', '250nit', '/', '주사율', ':', '144Hz', '/']","['인텔', '/', '코어i7-12세대', '/', 'i7-12700H (2.3GHz)', '/ 14코어(6P+8E) /']","['DDR4', '/', '램 용량', ':', '16GB', '/', '3200MHz', '/ 램 교체: 가능 /']","['외장그래픽 /', 'RTX3060', '/', 'TGP', ':', '105W', '/', 'VRAM:6GB', '/']","['M.2(NVMe)', '/', '512GB', '/', '저장 슬롯', ':', '2개', '/']","['무선랜:', '802.11ax(Wi-Fi 6)', '/ 유선랜:', '기가비트', '/']","['HDMI', '/', '웹캠(HD)', '/']",['USB-C: 1개 / USB-A: 3개 /'],,"['키보드 라이트', '/', 'ㅗ형 방향키', '/', '숫자 키패드(3열)', '/']","['배터리', ':', '53.5Wh', '/', '어댑터', ':', '240W', '/', '충전단자', ':', 'DC', '/']","['두께', ':', '25.2mm', '/', '무게', ':', '2.6kg', '/ 색상: 블랙']"
